2L	1	21485538	2L	1	21485538	+
2L	21485640	22420241	2L	21485640	22420241	+
2L	22420343	22990368	2L	22527611	23097636	+
2L	22990370	22991634	2L	23097637	23098901	+
2L	22991636	22992682	2L	23098902	23099948	+
2L	22992684	22994054	2L	23099949	23101319	+
2L	22994056	22994216	2L	23101320	23101480	+
2L	22994218	22994245	2L	23101481	23101508	+
2L	22994247	22994329	2L	23101509	23101591	+
2L	22994331	22994830	2L	23101592	23102091	+
2L	22994832	22994845	2L	23102092	23102105	+
2L	22994846	22994992	2L	23102107	23102253	+
2L	22994994	22995096	2L	23102254	23102356	+
2L	22995098	22995130	2L	23102357	23102389	+
2L	22995131	22995227	2L	23102391	23102487	+
2L	22995231	22995253	2L	23102488	23102510	+
2L	22995254	22995363	2L	23102512	23102621	+
2L	22995364	22995389	2L	23102623	23102648	+
2L	22995391	22995487	2L	23102649	23102745	+
2L	22995488	22995759	2L	23102749	23103020	+
2L	22995760	22995766	2L	23103022	23103028	+
2L	22995768	22995877	2L	23103029	23103138	+
2L	22995879	22996024	2L	23103139	23103284	+
2L	22996026	22996041	2L	23103285	23103300	+
2L	22996042	22996274	2L	23103302	23103534	+
2L	22996276	22996533	2L	23103535	23103792	+
2L	22996534	22996539	2L	23103794	23103799	+
2L	22996540	22996555	2L	23103801	23103816	+
2L	22996557	22997039	2L	23103817	23104299	+
2L	22997041	22997075	2L	23104300	23104334	+
2L	22997076	22997163	2L	23104336	23104423	+
2L	22997164	22997553	2L	23104425	23104814	+
2L	22997554	22997677	2L	23104816	23104939	+
2L	22997679	22997747	2L	23104940	23105008	+
2L	22997748	22997808	2L	23105012	23105072	+
2L	22997810	22997844	2L	23105073	23105107	+
2L	22997845	22997932	2L	23105109	23105196	+
2L	22997933	22998071	2L	23105198	23105336	+
2L	22998072	22998078	2L	23105338	23105344	+
2LHet	1	16945	2L	23141527	23158471	+
2LHet	16946	17066	2L	23158473	23158593	+
2LHet	17068	17112	2L	23158594	23158638	+
2LHet	17155	17309	2L	23158639	23158793	+
2LHet	17310	17326	2L	23158795	23158811	+
2LHet	17327	17343	2L	23158813	23158829	+
2LHet	17344	17358	2L	23158831	23158845	+
2LHet	17359	17371	2L	23158847	23158859	+
2LHet	17372	17443	2L	23158861	23158932	+
2LHet	17444	17445	2L	23158934	23158935	+
2LHet	17447	62233	2L	23158936	23203722	+
2LHet	120235	132402	2L	23264719	23276886	+
2LHet	132403	135931	2L	23276888	23280416	+
2LHet	135932	161616	2L	23280418	23306102	+
2LHet	161618	215626	2L	23306103	23360111	+
2LHet	215627	219395	2L	23360126	23363894	+
2LHet	236962	241163	2L	23381793	23385994	+
2LHet	241164	290400	2L	23385996	23435232	+
2LHet	290401	334984	2L	23435234	23479817	+
2LHet	334985	348066	2L	23479819	23492900	+
2LHet	348068	348068	2L	23492901	23492901	+
2LHet	348070	348193	2L	23492902	23493025	+
2LHet	348194	368872	2L	23493034	23513712	+
2LHet	236881	236955	Y	1865818	1865892	-
2LHet	236868	236869	Y	1865893	1865894	-
2LHet	236835	236858	Y	1865895	1865918	-
2LHet	236819	236834	Y	1865920	1865935	-
2LHet	236818	236818	Y	1865950	1865950	-
2LHet	236737	236817	Y	1865954	1866034	-
2LHet	236468	236736	Y	1866036	1866304	-
2LHet	236453	236467	Y	1866320	1866334	-
2LHet	236419	236452	Y	1866336	1866369	-
2LHet	236182	236417	Y	1866370	1866605	-
2LHet	236174	236181	Y	1866608	1866615	-
2LHet	236135	236171	Y	1866616	1866652	-
2LHet	236129	236131	Y	1866653	1866655	-
2LHet	236117	236127	Y	1866656	1866666	-
2LHet	236110	236112	Y	1866667	1866669	-
2LHet	236099	236107	Y	1866670	1866678	-
2LHet	235763	236098	Y	1866681	1867016	-
2LHet	235678	235761	Y	1867017	1867100	-
2LHet	235677	235677	Y	1867106	1867106	-
2LHet	235675	235676	Y	1867108	1867109	-
2LHet	235670	235673	Y	1867110	1867113	-
2LHet	235668	235668	Y	1867114	1867114	-
2LHet	235092	235665	Y	1867115	1867688	-
2LHet	235067	235088	Y	1867689	1867710	-
2LHet	235059	235059	Y	1867711	1867711	-
2LHet	234779	235056	Y	1867712	1867989	-
2LHet	234207	234774	Y	1867990	1868557	-
2LHet	234111	234205	Y	1868558	1868652	-
2LHet	233943	234108	Y	1868653	1868818	-
2LHet	233691	233928	Y	1868819	1869056	-
2LHet	233574	233678	Y	1869057	1869161	-
2LHet	233433	233571	Y	1869162	1869300	-
2LHet	233412	233432	Y	1869302	1869322	-
2LHet	233390	233410	Y	1869323	1869343	-
2LHet	233383	233386	Y	1869344	1869347	-
2LHet	233186	233368	Y	1869348	1869530	-
2LHet	233170	233170	Y	1869531	1869531	-
2LHet	233167	233167	Y	1869532	1869532	-
2LHet	233154	233155	Y	1869533	1869534	-
2LHet	232707	233148	Y	1869535	1869976	-
2LHet	232615	232673	Y	1869977	1870035	-
2LHet	232432	232614	Y	1870037	1870219	-
2R	2560	2581	3R	705084	705105	+
2R	1	2434	2R	4112496	4114929	+
2R	3036	16668212	2R	4115531	20780707	+
2R	16668314	18708925	2R	20780809	22821420	+
2R	18708944	21146708	2R	22821421	25259185	+
2RHet	2610188	2610237	X	23319103	23319152	+
2RHet	2610240	2610283	X	23319153	23319196	+
2RHet	2610423	2610594	X	23319336	23319507	+
2RHet	2610608	2610841	X	23319508	23319741	+
2RHet	2561413	2561649	3R	371496	371732	-
2RHet	2560263	2561412	3R	371737	372886	-
2RHet	2558686	2560262	3R	372888	374464	-
2RHet	2326632	2326751	3R	2453207	2453326	-
2RHet	2326566	2326630	3R	2453327	2453391	-
2RHet	2326561	2326564	3R	2453392	2453395	-
2RHet	2326520	2326522	3R	2453396	2453398	-
2RHet	2326425	2326517	3R	2453399	2453491	-
2RHet	2326310	2326424	3R	2453493	2453607	-
2RHet	2326290	2326305	3R	2453608	2453623	-
2RHet	2326177	2326289	3R	2453625	2453737	-
2RHet	2326169	2326176	3R	2453739	2453746	-
2RHet	2326150	2326168	3R	2453748	2453766	-
2RHet	2326044	2326149	3R	2453796	2453901	-
2RHet	2325633	2325662	3R	2453902	2453931	-
2RHet	2325624	2325632	3R	2453937	2453945	-
2RHet	2325616	2325623	3R	2453957	2453964	-
2RHet	2325613	2325615	3R	2453968	2453970	-
2RHet	2325561	2325612	3R	2453980	2454031	-
2RHet	2325440	2325557	3R	2454032	2454149	-
2RHet	2325397	2325438	3R	2454150	2454191	-
2RHet	2325394	2325394	3R	2454192	2454192	-
2RHet	2325356	2325392	3R	2454193	2454229	-
2RHet	2325341	2325355	3R	2454232	2454246	-
2RHet	2325309	2325339	3R	2454247	2454277	-
2RHet	2325303	2325308	3R	2454279	2454284	-
2RHet	2325253	2325301	3R	2454285	2454333	-
2RHet	2325170	2325252	3R	2454335	2454417	-
2RHet	2325087	2325160	3R	2454418	2454491	-
2RHet	2324863	2325086	3R	2454493	2454716	-
2RHet	2324747	2324833	3R	2454717	2454803	-
2RHet	2324738	2324746	3R	2454808	2454816	-
2RHet	2324609	2324736	3R	2454817	2454944	-
2RHet	2324480	2324608	3R	2454949	2455077	-
2RHet	3032122	3032122	3R	2440569	2440569	-
2RHet	3032103	3032118	3R	2440570	2440585	-
2RHet	3031725	3032091	3R	2440586	2440952	-
2RHet	3034036	3096029	3L	27636074	27698067	-
2RHet	3033392	3034029	3L	27698068	27698705	-
2RHet	3032123	3033388	3L	27698706	27699971	-
2RHet	3030436	3031665	3L	27701837	27703066	-
2RHet	3025546	3030434	3L	27703067	27707955	-
2RHet	2988028	3025544	3L	27707956	27745472	-
2RHet	2988022	2988022	3L	27745473	27745473	-
2RHet	2982630	2988020	3L	27745474	27750864	-
2RHet	2979492	2982628	3L	27750865	27754001	-
2RHet	2871740	2938696	3L	27821333	27888289	-
2RHet	2863640	2864953	3L	27890357	27891670	-
2RHet	2863480	2863638	3L	27891671	27891829	-
2RHet	2863412	2863478	3L	27891830	27891896	-
2RHet	2863344	2863410	3L	27891897	27891963	-
2RHet	2831649	2863342	3L	27891964	27923657	-
2RHet	2830209	2830300	3L	27925006	27925097	-
2RHet	2829913	2830208	3L	27925099	27925394	-
2RHet	2828137	2829912	3L	27925397	27927172	-
2RHet	2827103	2828121	3L	27927173	27928191	-
2RHet	2826174	2827084	3L	27928192	27929102	-
2RHet	2826160	2826173	3L	27958290	27958303	-
2RHet	2826103	2826159	3L	27962290	27962346	-
2RHet	2824958	2826102	3L	27962349	27963493	-
2RHet	2762583	2824957	3L	27963495	28025869	-
2RHet	2761984	2762582	3L	28050222	28050820	-
2RHet	2610943	2649138	3L	28072031	28110226	-
2RHet	2649139	2649139	3L	26401068	26401068	+
2RHet	2649148	2649468	3L	26401077	26401397	+
2RHet	2649472	2649475	3L	26401401	26401404	+
2RHet	2649478	2649753	3L	26401407	26401682	+
2RHet	2649754	2649860	3L	26401685	26401791	+
2RHet	2649867	2650526	3L	26401792	26402451	+
2RHet	2650527	2651015	3L	26402463	26402951	+
2RHet	2651016	2651431	3L	26402953	26403368	+
2RHet	2651438	2651542	3L	26403369	26403473	+
2RHet	2651547	2651632	3L	26403474	26403559	+
2RHet	2651633	2651982	3L	26403562	26403911	+
2RHet	2866817	2867642	3L	27889043	27889868	+
2RHet	2867644	2868131	3L	27889869	27890356	+
2RHet	2831155	2831648	3L	27952838	27953331	-
2RHet	2830759	2831120	3L	27953332	27953693	-
2RHet	2830301	2830758	3L	27953705	27954162	-
2RHet	2404146	2404308	Y	3603665	3603827	-
2RHet	2404145	2404145	Y	3603829	3603829	-
2RHet	2404140	2404144	Y	3603831	3603835	-
2RHet	2404136	2404139	Y	3603837	3603840	-
2RHet	2403834	2404134	Y	3603841	3604141	-
2RHet	2403829	2403829	Y	3604142	3604142	-
2RHet	2403742	2403820	Y	3604143	3604221	-
2RHet	2403721	2403726	Y	3604222	3604227	-
2RHet	2403384	2403706	Y	3604228	3604550	-
2RHet	2403372	2403382	Y	3604551	3604561	-
2RHet	2403267	2403367	Y	3604562	3604662	-
2RHet	2402238	2403259	Y	3604663	3605684	-
2RHet	2402097	2402228	Y	3605685	3605816	-
2RHet	2402058	2402095	Y	3605817	3605854	-
2RHet	2401867	2402057	Y	3605870	3606060	-
2RHet	2401372	2401860	Y	3606061	3606549	-
2RHet	1	593	2R	870396	870988	+
2RHet	594	626	2R	873879	873911	+
2RHet	627	252652	2R	873913	1125938	+
2RHet	292454	598983	2R	1165821	1472350	+
2RHet	599085	765682	2R	1856015	2022612	+
2RHet	765683	765683	2R	2022617	2022617	+
2RHet	765684	765859	2R	2022619	2022794	+
2RHet	765860	774463	2R	2022796	2031399	+
2RHet	774464	775712	2R	2031401	2032649	+
2RHet	775713	806906	2R	2032654	2063847	+
2RHet	806908	855592	2R	2063848	2112532	+
2RHet	855593	912339	2R	2112534	2169280	+
2RHet	912340	912398	2R	2169283	2169341	+
2RHet	912400	961794	2R	2169342	2218736	+
2RHet	961796	962281	2R	2218737	2219222	+
2RHet	962283	962773	2R	2219223	2219713	+
2RHet	962774	967520	2R	2219723	2224469	+
2RHet	967522	971305	2R	2224470	2228253	+
2RHet	971307	971312	2R	2228254	2228259	+
2RHet	971313	971376	2R	2228266	2228329	+
2RHet	971403	971580	2R	2228330	2228507	+
2RHet	971607	971611	2R	2228508	2228512	+
2RHet	971615	1014541	2R	2228513	2271439	+
2RHet	1070089	1071025	2R	2284469	2285405	+
2RHet	1071026	1101130	2R	2298305	2328409	+
2RHet	1101131	1122211	2R	2328411	2349491	+
2RHet	1122212	1128983	2R	2354792	2361563	+
2RHet	1129015	1129017	2R	2361564	2361566	+
2RHet	1129019	1142870	2R	2361567	2375418	+
2RHet	1142871	1145541	2R	2375420	2378090	+
2RHet	1145542	1158887	2R	2378094	2391439	+
2RHet	1254889	1260021	2R	2484226	2489358	+
2RHet	1262602	1395709	2R	2491939	2625046	+
2RHet	1395711	1478026	2R	2625047	2707362	+
2RHet	1478029	1478204	2R	2707363	2707538	+
2RHet	1484427	1493122	2R	2707539	2716234	+
2RHet	1537211	1544198	2R	2762206	2769193	+
2RHet	1544200	1581320	2R	2769194	2806314	+
2RHet	1581321	1601969	2R	2806316	2826964	+
2RHet	1601971	1603576	2R	2826965	2828570	+
2RHet	1603578	1603580	2R	2828571	2828573	+
2RHet	1603581	1605458	2R	2828575	2830452	+
2RHet	1605459	1605463	2R	2830455	2830459	+
2RHet	1605465	1609846	2R	2830460	2834841	+
2RHet	1609847	1609972	2R	2834855	2834980	+
2RHet	1609973	1609975	2R	2834986	2834988	+
2RHet	1609976	1610178	2R	2834999	2835201	+
2RHet	1610179	1665430	2R	2835213	2890464	+
2RHet	1665434	1780262	2R	2890465	3005293	+
2RHet	1789268	1837999	2R	3006207	3054938	+
2RHet	1838001	1997663	2R	3054939	3214601	+
2RHet	1997665	2000899	2R	3214602	3217836	+
2RHet	2000901	2000922	2R	3217837	3217858	+
2RHet	2000924	2000980	2R	3217859	3217915	+
2RHet	2000982	2000991	2R	3217916	3217925	+
2RHet	2000993	2001025	2R	3217926	3217958	+
2RHet	2001027	2001034	2R	3217959	3217966	+
2RHet	2001036	2001069	2R	3217967	3218000	+
2RHet	2001071	2001076	2R	3218001	3218006	+
2RHet	2001078	2001092	2R	3218007	3218021	+
2RHet	2001094	2001096	2R	3218022	3218024	+
2RHet	2001097	2001105	2R	3218026	3218034	+
2RHet	2001107	2001128	2R	3218035	3218056	+
2RHet	2001130	2001165	2R	3218057	3218092	+
2RHet	2001167	2001205	2R	3218093	3218131	+
2RHet	2001207	2001232	2R	3218132	3218157	+
2RHet	2001233	2001234	2R	3218159	3218160	+
2RHet	2001236	2001259	2R	3218161	3218184	+
2RHet	2001260	2001261	2R	3218186	3218187	+
2RHet	2001263	2003298	2R	3218188	3220223	+
2RHet	2003299	2003308	2R	3220225	3220234	+
2RHet	2035311	2036919	2R	3253134	3254742	+
2RHet	2036979	2094187	2R	3254802	3312010	+
2RHet	2126189	2159897	2R	3332614	3366322	+
2RHet	2159899	2163637	2R	3366323	3370061	+
2RHet	2163640	2163640	2R	3370062	3370062	+
2RHet	2163644	2165648	2R	3370063	3372067	+
2RHet	2165654	2166272	2R	3372068	3372686	+
2RHet	2166273	2172828	2R	3372718	3379273	+
2RHet	2224972	2225252	2R	3422070	3422350	+
2RHet	2225253	2225342	2R	3428838	3428927	+
2RHet	2225343	2226915	2R	3428956	3430528	+
2RHet	2226983	2227814	2R	3436960	3437791	+
2RHet	2227815	2228056	2R	3437804	3438045	+
2RHet	2228057	2228488	2R	3444399	3444830	+
2RHet	2228489	2228594	2R	3444849	3444954	+
2RHet	2228617	2229011	2R	3444955	3445349	+
2RHet	2229012	2229520	2R	3445359	3445867	+
2RHet	2229524	2231092	2R	3445871	3447439	+
2RHet	2231100	2231102	2R	3447440	3447442	+
2RHet	2231107	2244728	2R	3447443	3461064	+
2RHet	2244731	2277233	2R	3461065	3493567	+
2RHet	2277235	2292562	2R	3493568	3508895	+
2RHet	2294939	2295328	2R	3512814	3513203	+
2RHet	2305987	2306065	2R	3513852	3513930	+
2RHet	2306069	2306070	2R	3513931	3513932	+
2RHet	2306088	2306090	2R	3513933	3513935	+
2RHet	2306100	2306859	2R	3513936	3514695	+
2RHet	2306860	2312035	2R	3514697	3519872	+
2RHet	2312036	2312110	2R	3519874	3519948	+
2RHet	2312111	2312116	2R	3519950	3519955	+
2RHet	2312117	2312122	2R	3519957	3519962	+
2RHet	2312123	2321493	2R	3519964	3529334	+
2RHet	2330314	2330427	2R	3532556	3532669	+
2RHet	2330428	2393669	2R	3532671	3595912	+
2RHet	2393672	2393675	2R	3595913	3595916	+
2RHet	2393682	2393738	2R	3595917	3595973	+
2RHet	2393763	2393771	2R	3595974	3595982	+
2RHet	2393772	2393776	2R	3595984	3595988	+
2RHet	2393778	2393855	2R	3595989	3596066	+
2RHet	2393856	2394013	2R	3596069	3596226	+
2RHet	2394015	2394503	2R	3596227	3596715	+
2RHet	2394508	2394663	2R	3596716	3596871	+
2RHet	2394664	2398445	2R	3596873	3600654	+
2RHet	2398446	2399088	2R	3600662	3601304	+
2RHet	2405680	2421678	2R	3601305	3617303	+
2RHet	2421780	2422428	2R	3623282	3623930	+
2RHet	2422429	2423997	2R	3623932	3625500	+
2RHet	2432459	2434944	2R	3625611	3628096	+
2RHet	2434946	2434974	2R	3628097	3628125	+
2RHet	2434976	2434984	2R	3628126	3628134	+
2RHet	2434986	2435020	2R	3628135	3628169	+
2RHet	2435022	2439893	2R	3628170	3633041	+
2RHet	2439894	2439914	2R	3633043	3633063	+
2RHet	2439916	2439929	2R	3633064	3633077	+
2RHet	2439931	2456946	2R	3633078	3650093	+
2RHet	2456947	2456949	2R	3650095	3650097	+
2RHet	2456951	2458684	2R	3650098	3651831	+
2RHet	2566651	2569596	2R	3668408	3671353	+
2RHet	2571998	2572285	2R	3690469	3690756	+
2RHet	2572287	2573957	2R	3690757	3692427	+
2RHet	2573959	2589977	2R	3692428	3708446	+
2RHet	2589978	2590051	2R	3708448	3708521	+
2RHet	2590052	2599602	2R	3708523	3718073	+
2RHet	2608262	2609432	2R	3741454	3742624	+
2RHet	2609433	2610085	2R	3742626	3743278	+
2RHet	2610086	2610187	2R	3743280	3743381	+
2RHet	3096131	3179960	2R	3859973	3943802	+
2RHet	3179961	3180398	2R	3947974	3948411	+
2RHet	3180399	3180931	2R	3948413	3948945	+
2RHet	3180939	3181669	2R	3948946	3949676	+
2RHet	3181672	3182959	2R	3949677	3950964	+
2RHet	3182960	3249114	2R	3997695	4063849	+
2RHet	3251116	3257638	2R	4077281	4083803	+
2RHet	3257639	3259232	2R	4083805	4085398	+
2RHet	3259233	3271750	2R	4085400	4097917	+
2RHet	3271751	3286327	2R	4097919	4112495	+
2RHet	2218413	2218559	2R	3379280	3379426	-
2RHet	2218284	2218412	2R	3379432	3379560	-
2RHet	2218283	2218283	2R	3379565	3379565	-
2RHet	2218241	2218282	2R	3379573	3379614	-
2RHet	2210924	2218237	2R	3379615	3386928	-
2RHet	2196781	2210923	2R	3386930	3401072	-
2RHet	2193670	2196779	2R	3401073	3404182	-
2RHet	2193401	2193669	2R	3404191	3404459	-
2RHet	2184431	2187049	2R	3407789	3410407	-
2RHet	2183209	2184430	2R	3410409	3411630	-
2RHet	2182203	2183208	2R	3411633	3412638	-
2RHet	2181679	2182202	2R	3412657	3413180	-
2RHet	2181312	2181678	2R	3413190	3413556	-
2RHet	2181196	2181311	2R	3413579	3413694	-
2RHet	2181193	2181194	2R	3413695	3413696	-
2RHet	2181187	2181191	2R	3413697	3413701	-
2RHet	2181178	2181185	2R	3413702	3413709	-
2RHet	2181172	2181177	2R	3413711	3413716	-
2RHet	2181166	2181170	2R	3413717	3413721	-
2RHet	2181160	2181165	2R	3413723	3413728	-
2RHet	2181152	2181158	2R	3413729	3413735	-
2RHet	2181145	2181151	2R	3413737	3413743	-
2RHet	2180717	2181143	2R	3413744	3414170	-
2RHet	2176749	2179328	2R	3415559	3418138	-
2RHet	2174358	2176748	2R	3418140	3420530	-
2RHet	2174158	2174356	2R	3420531	3420729	-
2RHet	2173575	2174156	2R	3420730	3421311	-
2RHet	2173112	2173574	2R	3421313	3421775	-
2RHet	2173111	2173111	2R	3421783	3421783	-
2RHet	2172829	2173110	2R	3421788	3422069	-
2RHet	2192418	2192426	2R	3431570	3431578	-
2RHet	2191870	2192380	2R	3431616	3432126	-
2RHet	2191452	2191847	2R	3432127	3432522	-
2RHet	2191085	2191451	2R	3432532	3432898	-
2RHet	2190969	2191084	2R	3432921	3433036	-
2RHet	2190962	2190967	2R	3433037	3433042	-
2RHet	2190958	2190960	2R	3433043	3433045	-
2RHet	2190949	2190956	2R	3433046	3433053	-
2RHet	2190943	2190948	2R	3433055	3433060	-
2RHet	2190938	2190941	2R	3433061	3433064	-
2RHet	2190932	2190937	2R	3433066	3433071	-
2RHet	2190921	2190930	2R	3433072	3433081	-
2RHet	2190918	2190920	2R	3433083	3433085	-
2RHet	2190637	2190916	2R	3433086	3433365	-
2RHet	2187894	2190636	2R	3433367	3436109	-
2RHet	2187327	2187893	2R	3436124	3436690	-
2RHet	2187050	2187318	2R	3436691	3436959	-
2RHet	2180665	2180716	2R	3440011	3440062	-
2RHet	2180082	2180663	2R	3440063	3440644	-
2RHet	2179329	2180064	2R	3440645	3441380	-
2RHet	1536544	1537210	2R	3726119	3726785	-
2RHet	1536292	1536539	2R	3726786	3727033	-
2RHet	1535769	1536290	2R	3727034	3727555	-
2RHet	1535226	1535768	2R	3727580	3728122	-
2RHet	1045200	1045398	2R	2423489	2423687	-
2RHet	1039097	1045187	2R	2423700	2429790	-
2RHet	1039093	1039096	2R	2429797	2429800	-
2RHet	1038575	1039089	2R	2429801	2430315	-
2RHet	1038545	1038574	2R	2450980	2451009	-
2RHet	1069400	1069868	2R	2296678	2297146	+
2RHet	1069869	1070088	2R	2297148	2297367	+
2RHet	1260022	1262601	2R	2473933	2476512	+
2RHet	2036920	2036978	2R	3239525	3239583	+
2RHet	2226916	2226982	2R	3424064	3424130	+
2RHet	2321595	2322242	2R	3513204	3513851	+
2RHet	2610284	2610422	2R	3718202	3718340	+
2RHet	2401091	2401371	2R	3827655	3827935	-
2RHet	2400598	2401086	2R	3827936	3828424	-
2RHet	2400440	2400597	2R	3828426	3828583	-
2RHet	2400360	2400437	2R	3828584	3828661	-
2RHet	2400355	2400359	2R	3828663	3828667	-
2RHet	2400345	2400353	2R	3828668	3828676	-
2RHet	2400288	2400344	2R	3828701	3828757	-
2RHet	2400284	2400287	2R	3828764	3828767	-
2RHet	2399960	2400283	2R	3828770	3829093	-
2RHet	2399959	2399959	2R	3829097	3829097	-
2RHet	2399958	2399958	2R	3829101	3829101	-
2RHet	2399888	2399957	2R	3829106	3829175	-
2RHet	2399865	2399881	2R	3829176	3829192	-
2RHet	2399778	2399864	2R	3829255	3829341	-
2RHet	2399773	2399777	2R	3829345	3829349	-
2RHet	2399747	2399772	2R	3829356	3829381	-
2RHet	2399593	2399746	2R	3829383	3829536	-
2RHet	2399577	2399591	2R	3829537	3829551	-
2RHet	2399572	2399575	2R	3829552	3829555	-
2RHet	2192427	2193400	2R	3443425	3444398	-
2RHet	2404309	2404346	2R	3850544	3850581	-
2RHet	1045188	1045199	2R	2404995	2405006	-
3L	1	5107766	3L	1	5107766	+
3L	5107868	24523740	3L	5114768	24530640	+
3L	24523741	24532915	3L	24530642	24539816	+
3L	24532917	24543557	3L	24539817	24550457	+
3LHet	515235	515450	2L	22490550	22490765	+
3LHet	515451	515480	2L	22490767	22490796	+
3LHet	515482	515579	2L	22490797	22490894	+
3LHet	515580	515628	2L	22490896	22490944	+
3LHet	515629	516872	2L	22490964	22492207	+
3LHet	1	24011	3L	24552212	24576222	+
3LHet	151453	164250	3L	24665958	24678755	+
3LHet	164251	164695	3L	24680921	24681365	+
3LHet	164698	171596	3L	24681366	24688264	+
3LHet	171597	179588	3L	24688266	24696257	+
3LHet	179590	460841	3L	24696258	24977509	+
3LHet	460842	515234	3L	24977513	25031905	+
3LHet	516874	517862	3L	25033545	25034533	+
3LHet	517864	517907	3L	25034534	25034577	+
3LHet	531909	541965	3L	25046465	25056521	+
3LHet	541979	541980	3L	25056522	25056523	+
3LHet	541981	644091	3L	25056525	25158635	+
3LHet	644097	658849	3L	25158636	25173388	+
3LHet	658850	660677	3L	25173390	25175217	+
3LHet	660696	851354	3L	25175218	25365876	+
3LHet	851356	860246	3L	25365877	25374767	+
3LHet	862864	878373	3L	25432186	25447695	+
3LHet	878374	900250	3L	25447705	25469581	+
3LHet	900254	900426	3L	25469582	25469754	+
3LHet	900441	900481	3L	25469755	25469795	+
3LHet	900483	900625	3L	25469796	25469938	+
3LHet	900627	900656	3L	25469939	25469968	+
3LHet	900658	900765	3L	25469969	25470076	+
3LHet	900774	902980	3L	25470077	25472283	+
3LHet	902983	975318	3L	25472284	25544619	+
3LHet	975420	1455738	3L	25592721	26073039	+
3LHet	1455739	1455874	3L	26100902	26101037	+
3LHet	1455875	1456132	3L	26101081	26101338	+
3LHet	1456133	1456133	3L	26101340	26101340	+
3LHet	1456134	1456265	3L	26101345	26101476	+
3LHet	1481267	1510271	3L	26114249	26143253	+
3LHet	1510273	1510279	3L	26143254	26143260	+
3LHet	1510281	1510285	3L	26143261	26143265	+
3LHet	1510287	1510409	3L	26143266	26143388	+
3LHet	1510411	1542281	3L	26143389	26175259	+
3LHet	1542287	1542410	3L	26175260	26175383	+
3LHet	1542526	1553818	3L	26175384	26186676	+
3LHet	1553820	1553821	3L	26186677	26186678	+
3LHet	1553824	1553873	3L	26186679	26186728	+
3LHet	1553874	1568860	3L	26207332	26222318	+
3LHet	1568869	1601863	3L	26222319	26255313	+
3LHet	1602704	1602826	3L	26255314	26255436	+
3LHet	1602827	1604699	3L	26255438	26257310	+
3LHet	1604700	1613133	3L	26257340	26265773	+
3LHet	1613135	1613482	3L	26265774	26266121	+
3LHet	1613486	1613486	3L	26266122	26266122	+
3LHet	1613491	1613491	3L	26266123	26266123	+
3LHet	1613493	1621540	3L	26266124	26274171	+
3LHet	1621546	1627108	3L	26274172	26279734	+
3LHet	1627110	1627115	3L	26279735	26279740	+
3LHet	1627116	1632964	3L	26279750	26285598	+
3LHet	1632965	1668073	3L	26285610	26320718	+
3LHet	1668074	1677471	3L	26320720	26330117	+
3LHet	1677478	1735109	3L	26330118	26387749	+
3LHet	1735111	1735114	3L	26387750	26387753	+
3LHet	1735960	1804171	3L	26457378	26525589	+
3LHet	1804172	1839690	3L	26525591	26561109	+
3LHet	1839691	1839718	3L	26561111	26561138	+
3LHet	1839719	1850769	3L	26561140	26572190	+
3LHet	1863726	1908491	3L	26580267	26625032	+
3LHet	1921493	1930594	3L	26639159	26648260	+
3LHet	1930595	1936534	3L	26648263	26654202	+
3LHet	1936536	1958217	3L	26654203	26675884	+
3LHet	1958218	1960916	3L	26675886	26678584	+
3LHet	1960918	1960940	3L	26678585	26678607	+
3LHet	1960941	1960975	3L	26678609	26678643	+
3LHet	1960976	1963908	3L	26678645	26681577	+
3LHet	1963909	1965405	3L	26681579	26683075	+
3LHet	1965407	2160917	3L	26683076	26878586	+
3LHet	2160918	2161008	3L	26878602	26878692	+
3LHet	2161009	2161015	3L	26878696	26878702	+
3LHet	2161017	2161143	3L	26878703	26878829	+
3LHet	2161145	2161155	3L	26878830	26878840	+
3LHet	2161156	2161229	3L	26878842	26878915	+
3LHet	2161231	2161261	3L	26878916	26878946	+
3LHet	2161262	2161414	3L	26878953	26879105	+
3LHet	2161415	2161487	3L	26879117	26879189	+
3LHet	2161488	2161498	3L	26879191	26879201	+
3LHet	2161500	2161573	3L	26879202	26879275	+
3LHet	2161574	2161604	3L	26879277	26879307	+
3LHet	2161611	2161712	3L	26879308	26879409	+
3LHet	2161715	2161721	3L	26879410	26879416	+
3LHet	2161722	2161768	3L	26879418	26879464	+
3LHet	2161778	2161778	3L	26879465	26879465	+
3LHet	2161781	2162078	3L	26879466	26879763	+
3LHet	2162080	2162435	3L	26879764	26880119	+
3LHet	2166844	2166895	3L	26939098	26939149	+
3LHet	2166896	2168785	3L	26939151	26941040	+
3LHet	2168786	2168820	3L	26941042	26941076	+
3LHet	2168821	2180268	3L	26941078	26952525	+
3LHet	2180370	2180372	3L	27073506	27073508	+
3LHet	2180373	2180751	3L	27073510	27073888	+
3LHet	2180752	2182942	3L	27073925	27076115	+
3LHet	2182943	2182962	3L	27076117	27076136	+
3LHet	2182963	2216114	3L	27076138	27109289	+
3LHet	2217345	2227002	3L	27110294	27119951	+
3LHet	2227004	2227032	3L	27119952	27119980	+
3LHet	2227034	2227170	3L	27119981	27120117	+
3LHet	2227172	2227177	3L	27120118	27120123	+
3LHet	2227178	2227289	3L	27120125	27120236	+
3LHet	2227290	2245472	3L	27120238	27138420	+
3LHet	2245473	2245586	3L	27138422	27138535	+
3LHet	2246365	2252402	3L	27139030	27145067	+
3LHet	2252405	2252406	3L	27145068	27145069	+
3LHet	2252407	2252474	3L	27145071	27145138	+
3LHet	2252503	2314426	3L	27145139	27207062	+
3LHet	2314432	2314433	3L	27207063	27207064	+
3LHet	2314445	2314517	3L	27207065	27207137	+
3LHet	2314518	2314744	3L	27207169	27207395	+
3LHet	2320475	2320808	3L	27222560	27222893	+
3LHet	2320812	2322296	3L	27222894	27224378	+
3LHet	2322297	2322326	3L	27224381	27224410	+
3LHet	2322340	2322393	3L	27224411	27224464	+
3LHet	2322399	2322406	3L	27224465	27224472	+
3LHet	2322409	2322410	3L	27224473	27224474	+
3LHet	2322413	2322414	3L	27224475	27224476	+
3LHet	2322416	2322419	3L	27224477	27224480	+
3LHet	2322430	2322686	3L	27224481	27224737	+
3LHet	2322687	2322787	3L	27224739	27224839	+
3LHet	2322822	2322867	3L	27224840	27224885	+
3LHet	2322868	2324450	3L	27232435	27234017	+
3LHet	2324459	2324680	3L	27234018	27234239	+
3LHet	2373519	2429192	3L	27242983	27298656	+
3LHet	2429193	2429275	3L	27306217	27306299	+
3LHet	2429285	2527063	3L	27306300	27404078	+
3LHet	2527066	2555491	3L	27404079	27432504	+
3LHet	1850770	1853093	3L	27015880	27018203	+
3LHet	1853095	1859705	3L	27018204	27024814	+
3LHet	1859729	1863725	3L	27024815	27028811	+
3LHet	2315315	2316741	3L	27234240	27235666	+
3LHet	2316742	2316988	3L	27235668	27235914	+
3LHet	2317041	2317806	3L	27235915	27236680	+
3LHet	2318752	2318924	3L	27236681	27236853	+
3LHet	2318925	2319133	3L	27240642	27240850	+
3LHet	2324681	2325714	3L	27207396	27208429	+
3LHet	2325715	2326324	3L	27208460	27209069	+
3LHet	2326377	2326566	3L	27209070	27209259	+
3LHet	2326567	2327054	3L	27209268	27209755	+
3LHet	2327055	2327141	3L	27209757	27209843	+
3LHet	24113	27892	Y	682744	686523	+
3LHet	27894	40039	Y	686524	698669	+
3LHet	40791	62713	Y	702167	724089	+
3LHet	62714	62761	Y	724091	724138	+
3LHet	62762	64446	Y	724140	725824	+
3LHet	64448	85095	Y	725825	746472	+
3LHet	85732	88846	Y	747109	750223	+
3LHet	88847	88912	Y	750225	750290	+
3LHet	125088	126464	Y	754181	755557	+
3LHet	140110	140152	Y	1635909	1635951	+
3LHet	109046	113622	Y	778660	783236	-
3LHet	108699	109044	Y	783238	783583	-
3LHet	108677	108698	Y	783585	783606	-
3LHet	102450	102468	Y	790868	790886	-
3LHet	102415	102448	Y	790887	790920	-
3LHet	102337	102414	Y	790922	790999	-
3LHet	99533	102335	Y	791000	793802	-
3LHet	90493	92436	Y	800397	802340	-
3LHet	89498	90140	Y	802720	803362	-
3LHet	89379	89497	Y	805924	806042	-
3LHet	89376	89377	Y	806043	806044	-
3LHet	89014	89374	Y	806045	806405	-
3LHet	85673	85731	Y	806579	806637	-
3LHet	85604	85672	Y	806639	806707	-
3LHet	85206	85602	Y	806708	807104	-
3LHet	85108	85204	Y	807105	807201	-
3LHet	85096	85106	Y	807202	807212	-
3LHet	149286	151351	Y	822094	824159	-
3LHet	149282	149284	Y	824160	824162	-
3LHet	149261	149281	Y	824165	824185	-
3LHet	149136	149260	Y	824214	824338	-
3LHet	148984	149134	Y	824339	824489	-
3LHet	138072	140109	Y	831139	833176	-
3LHet	137940	138071	Y	833200	833331	-
3LHet	135550	137939	Y	833334	835723	-
3LHet	126703	126783	Y	805393	805473	-
3LHet	126556	126702	Y	805501	805647	-
3LHet	126502	126555	Y	805651	805704	-
3LHet	126465	126499	Y	805705	805739	-
3LHet	90297	90492	Y	807472	807667	-
3LHet	90141	90274	Y	807717	807850	-
3LHet	862633	862787	Y	1935099	1935253	-
3LHet	862593	862632	Y	1935257	1935296	-
3LHet	862587	862592	Y	1935331	1935336	-
3LHet	148972	148983	Y	845428	845439	-
3LHet	860247	860252	Un_CP007085v1	8468	8473	+
3LHet	860254	860303	Un_CP007085v1	8474	8523	+
3LHet	860316	860830	Un_CP007085v1	8524	9038	+
3LHet	860831	861465	Un_CP007085v1	9040	9674	+
3LHet	861467	861472	Un_CP007085v1	9675	9680	+
3LHet	861473	862453	Un_CP007085v1	9700	10680	+
3LHet	862454	862456	Un_CP007085v1	10684	10686	+
3LHet	862457	862457	Un_CP007085v1	10691	10691	+
3LHet	862458	862571	Un_CP007085v1	10700	10813	+
3LHet	862572	862573	Un_CP007085v1	10818	10819	+
3LHet	862574	862577	Un_CP007085v1	10834	10837	+
3LHet	862578	862578	Un_CP007085v1	10839	10839	+
3LHet	862579	862579	Un_CP007085v1	10845	10845	+
3LHet	862580	862586	Un_CP007085v1	10847	10853	+
3LHet	862788	862788	Un_CP007085v1	11055	11055	+
3LHet	862800	862801	Un_CP007085v1	11056	11057	+
3LHet	862807	862808	Un_CP007085v1	11058	11059	+
3LHet	862809	862812	Un_CP007085v1	11061	11064	+
3LHet	862819	862820	Un_CP007085v1	11065	11066	+
3LHet	862827	862831	Un_CP007085v1	11067	11071	+
3LHet	862834	862839	Un_CP007085v1	11072	11077	+
3LHet	862844	862844	Un_CP007085v1	11078	11078	+
3LHet	862846	862848	Un_CP007085v1	11079	11081	+
3LHet	862851	862852	Un_CP007085v1	11082	11083	+
3LHet	862855	862856	Un_CP007085v1	11084	11085	+
3LHet	862862	862863	Un_CP007085v1	11086	11087	+
3LHet	126784	127103	Un_DS483960v1	1	320	+
3R	1	27905053	3R	4174279	32079331	+
3RHet	776358	776361	3R	2020012	2020015	+
3RHet	776363	776822	3R	2020016	2020475	+
3RHet	776823	776824	3R	2020498	2020499	+
3RHet	776825	777535	3R	2020512	2021222	+
3RHet	777536	777915	3R	2021227	2021606	+
3RHet	777933	777933	3R	2021607	2021607	+
3RHet	777955	777956	3R	2021608	2021609	+
3RHet	777963	777966	3R	2021610	2021613	+
3RHet	777978	778969	3R	2021614	2022605	+
3RHet	779022	779267	3R	2022658	2022903	+
3RHet	779269	779606	3R	2022904	2023241	+
3RHet	779659	848207	3R	2077132	2145680	+
3RHet	848209	859009	3R	2145681	2156481	+
3RHet	859011	895425	3R	2156482	2192896	+
3RHet	895427	895443	3R	2192897	2192913	+
3RHet	895445	938980	3R	2192914	2236449	+
3RHet	938981	939020	3R	2236451	2236490	+
3RHet	939023	939662	3R	2236491	2237130	+
3RHet	939664	939987	3R	2237131	2237454	+
3RHet	939992	939992	3R	2237455	2237455	+
3RHet	940011	944605	3R	2237456	2242050	+
3RHet	944606	944664	3R	2242052	2242110	+
3RHet	944666	944820	3R	2242111	2242265	+
3RHet	944824	946633	3R	2242266	2244075	+
3RHet	946635	946676	3R	2244076	2244117	+
3RHet	946677	946921	3R	2244119	2244363	+
3RHet	946967	947152	3R	2244364	2244549	+
3RHet	947154	947358	3R	2244550	2244754	+
3RHet	947359	947929	3R	2244756	2245326	+
3RHet	947930	948273	3R	2245339	2245682	+
3RHet	948275	948440	3R	2245683	2245848	+
3RHet	948441	950652	3R	2253313	2255524	+
3RHet	965657	987085	3R	2267148	2288576	+
3RHet	987086	987738	3R	2288578	2289230	+
3RHet	1002740	1062643	3R	2293102	2353005	+
3RHet	1062645	1076358	3R	2353006	2366719	+
3RHet	1078933	1079889	3R	2369001	2369957	+
3RHet	1079890	1079891	3R	2369960	2369961	+
3RHet	1079892	1082675	3R	2369964	2372747	+
3RHet	1082676	1082676	3R	2372749	2372749	+
3RHet	1082677	1119466	3R	2372752	2409541	+
3RHet	1120677	1120893	3R	2543963	2544179	+
3RHet	1120895	1120911	3R	2544180	2544196	+
3RHet	1120912	1121203	3R	2544217	2544508	+
3RHet	1121205	1121251	3R	2544509	2544555	+
3RHet	1121252	1121511	3R	2544557	2544816	+
3RHet	1121512	1124103	3R	2544818	2547409	+
3RHet	1124105	1124113	3R	2547410	2547418	+
3RHet	1124114	1124157	3R	2547420	2547463	+
3RHet	1124159	1124211	3R	2547464	2547516	+
3RHet	1124212	1124219	3R	2547518	2547525	+
3RHet	1124220	1124229	3R	2547527	2547536	+
3RHet	1124230	1124234	3R	2547538	2547542	+
3RHet	1124235	1124269	3R	2547544	2547578	+
3RHet	1124271	1124273	3R	2547579	2547581	+
3RHet	1124275	1124361	3R	2547582	2547668	+
3RHet	1124362	1124941	3R	2547670	2548249	+
3RHet	1124954	1222165	3R	2548250	2645461	+
3RHet	1222167	1271746	3R	2645462	2695041	+
3RHet	1271747	1274351	3R	2705129	2707733	+
3RHet	1274353	1275878	3R	2707734	2709259	+
3RHet	1275880	1277347	3R	2709260	2710727	+
3RHet	1277348	1295666	3R	2710729	2729047	+
3RHet	1295667	1297079	3R	2729050	2730462	+
3RHet	1297081	1297567	3R	2730463	2730949	+
3RHet	1297568	1324245	3R	2730951	2757628	+
3RHet	1324257	1345129	3R	2757629	2778501	+
3RHet	1345131	1345160	3R	2778502	2778531	+
3RHet	1345162	1345164	3R	2778532	2778534	+
3RHet	1345165	1345180	3R	2778536	2778551	+
3RHet	1345182	1345230	3R	2778552	2778600	+
3RHet	1345233	1345745	3R	2778601	2779113	+
3RHet	1345747	1353842	3R	2779114	2787209	+
3RHet	1353843	1353852	3R	2787211	2787220	+
3RHet	1353853	1353862	3R	2787222	2787231	+
3RHet	1353863	1353878	3R	2787233	2787248	+
3RHet	1353879	1353886	3R	2787251	2787258	+
3RHet	1353887	1353897	3R	2787260	2787270	+
3RHet	1353898	1353907	3R	2787272	2787281	+
3RHet	1353908	1353913	3R	2787283	2787288	+
3RHet	1353914	1353918	3R	2787290	2787294	+
3RHet	1353919	1354163	3R	2787296	2787540	+
3RHet	1354164	1354183	3R	2787542	2787561	+
3RHet	1354184	1354190	3R	2787563	2787569	+
3RHet	1354191	1354205	3R	2787571	2787585	+
3RHet	1354206	1362327	3R	2787587	2795708	+
3RHet	1362337	1369917	3R	2795709	2803289	+
3RHet	1369923	1369925	3R	2803290	2803292	+
3RHet	1369929	1376093	3R	2803293	2809457	+
3RHet	1376094	1432640	3R	2809460	2866006	+
3RHet	1433928	1532005	3R	2868583	2966660	+
3RHet	1532010	1532393	3R	2966661	2967044	+
3RHet	1533968	1534858	3R	2968134	2969024	+
3RHet	1534877	1574948	3R	2969025	3009096	+
3RHet	1574955	1599632	3R	3009097	3033774	+
3RHet	2308628	2383644	3R	4012125	4087141	+
3RHet	2430919	2431740	3R	4087142	4087963	+
3RHet	2431741	2431747	3R	4087965	4087971	+
3RHet	2431748	2431761	3R	4087973	4087986	+
3RHet	2431762	2431769	3R	4087989	4087996	+
3RHet	2431770	2431780	3R	4087998	4088008	+
3RHet	2431781	2431791	3R	4088010	4088020	+
3RHet	2431792	2431798	3R	4088022	4088028	+
3RHet	2431799	2431804	3R	4088030	4088035	+
3RHet	2431805	2431817	3R	4088037	4088049	+
3RHet	2431818	2431849	3R	4088051	4088082	+
3RHet	2431850	2431865	3R	4088084	4088099	+
3RHet	2431867	2431884	3R	4088100	4088117	+
3RHet	2431885	2517507	3R	4088119	4173741	+
3RHet	661312	773416	3R	734201	846305	-
3RHet	539571	659243	3R	846338	966010	-
3RHet	520794	539570	3R	966013	984789	-
3RHet	388550	448700	3R	995419	1055569	-
3RHet	388271	388548	3R	1055570	1055847	-
3RHet	388142	388264	3R	1055848	1055970	-
3RHet	388124	388126	3R	1055971	1055973	-
3RHet	388101	388102	3R	1055974	1055975	-
3RHet	367477	388097	3R	1055976	1076596	-
3RHet	312483	316475	3R	1121798	1125790	-
3RHet	310410	312482	3R	1125792	1127864	-
3RHet	310299	310409	3R	1127866	1127976	-
3RHet	310284	310297	3R	1127977	1127990	-
3RHet	254137	310281	3R	1127991	1184135	-
3RHet	247766	250248	3R	1184136	1186618	-
3RHet	243856	247743	3R	1186619	1190506	-
3RHet	156183	243855	3R	1190529	1278201	-
3RHet	53086	156181	3R	1278202	1381297	-
3RHet	1	52084	3R	1404049	1456132	-
3RHet	2259386	2308526	3R	3170057	3219197	-
3RHet	2198514	2229381	3R	3238866	3269733	-
3RHet	2176748	2198513	3R	3269735	3291500	-
3RHet	2174705	2176746	3R	3291501	3293542	-
3RHet	2174697	2174704	3R	3305911	3305918	-
3RHet	2171729	2172491	3R	3309058	3309820	-
3RHet	2169994	2171727	3R	3309821	3311554	-
3RHet	2169768	2169993	3R	3311556	3311781	-
3RHet	2169680	2169767	3R	3311783	3311870	-
3RHet	2169426	2169679	3R	3311873	3312126	-
3RHet	2168721	2169423	3R	3312127	3312829	-
3RHet	2168456	2168719	3R	3312830	3313093	-
3RHet	2167995	2168455	3R	3313095	3313555	-
3RHet	2167990	2167990	3R	3313556	3313556	-
3RHet	2167856	2167988	3R	3313557	3313689	-
3RHet	2142682	2167855	3R	3313712	3338885	-
3RHet	2142503	2142680	3R	3338886	3339063	-
3RHet	2070231	2142501	3R	3339064	3411334	-
3RHet	2053818	2055229	3R	3432936	3434347	-
3RHet	1988570	2053817	3R	3434349	3499596	-
3RHet	1987515	1988566	3R	3499597	3500648	-
3RHet	1955714	1987513	3R	3500649	3532448	-
3RHet	1955399	1955713	3R	3532483	3532797	-
3RHet	1955392	1955397	3R	3532798	3532803	-
3RHet	1954656	1955391	3R	3566878	3567613	-
3RHet	1950760	1954655	3R	3567615	3571510	-
3RHet	1902368	1950749	3R	3571511	3619892	-
3RHet	1881975	1902366	3R	3619893	3640284	-
3RHet	1876929	1881973	3R	3640285	3645329	-
3RHet	1876598	1876927	3R	3645330	3645659	-
3RHet	1876594	1876594	3R	3645660	3645660	-
3RHet	1876592	1876592	3R	3645661	3645661	-
3RHet	1875975	1876576	3R	3645662	3646263	-
3RHet	1873137	1875974	3R	3646265	3649102	-
3RHet	1868026	1869987	3R	3652346	3654307	-
3RHet	1847886	1861916	3R	3688148	3702178	-
3RHet	1833620	1847884	3R	3702179	3716443	-
3RHet	1756721	1833619	3R	3725262	3802160	-
3RHet	1743274	1756720	3R	3802177	3815623	-
3RHet	1732199	1736336	3R	3816463	3820600	-
3RHet	1732172	1732197	3R	3820601	3820626	-
3RHet	1722452	1732170	3R	3820627	3830345	-
3RHet	1608515	1722450	3R	3830346	3944281	-
3RHet	1599835	1606404	3R	3945578	3952147	-
3RHet	773518	776279	3R	2070991	2073752	+
3RHet	1872013	1873136	3R	3660532	3661655	-
3RHet	1871608	1872012	3R	3661657	3662061	-
3RHet	1870862	1870987	3R	3662701	3662826	-
3RHet	1869988	1870860	3R	3662827	3663699	-
3RHet	1866899	1868025	3R	3649194	3650320	-
3RHet	1866682	1866897	3R	3650321	3650536	-
3RHet	1866549	1866680	3R	3650538	3650669	-
3RHet	1866518	1866548	3R	3650671	3650701	-
3RHet	1871013	1871607	3R	3655934	3656528	-
3RHet	778970	779021	3R	2010103	2010154	+
3RHet	779607	779656	3R	2015844	2015893	+
3RHet	776280	776308	3R	2051579	2051607	+
3RHet	776312	776324	3R	2051608	2051620	+
3RHet	1736337	1736483	3L	27578976	27579122	+
3RHet	1736484	1736525	3L	27579125	27579166	+
3RHet	1736526	1736569	3L	27579187	27579230	+
3RHet	1736571	1736573	3L	27579231	27579233	+
3RHet	1736574	1736753	3L	27579235	27579414	+
3RHet	1736755	1736883	3L	27579415	27579543	+
3RHet	1736897	1736900	3L	27579544	27579547	+
3RHet	1736901	1737132	3L	27579549	27579780	+
3RHet	1741605	1741643	3L	27593430	27593468	+
3RHet	1741644	1741668	3L	27593481	27593505	+
3RHet	1741669	1741785	3L	27593510	27593626	+
3RHet	1432641	1432647	Y	1963030	1963036	+
3RHet	1432649	1433848	Y	1963037	1964236	+
3RHet	1433849	1433927	Y	1964240	1964318	+
3RHet	1532394	1533567	Y	2739131	2740304	+
3RHet	1741547	1741578	Y	1534114	1534145	-
3RHet	1741533	1741546	Y	1534147	1534160	-
3RHet	1741339	1741532	Y	1534171	1534364	-
3RHet	1741329	1741337	Y	1534365	1534373	-
3RHet	1741318	1741322	Y	1534374	1534378	-
3RHet	1741215	1741317	Y	1534381	1534483	-
3RHet	1740877	1741205	Y	1534484	1534812	-
3RHet	1740870	1740872	Y	1534813	1534815	-
3RHet	1740863	1740864	Y	1534816	1534817	-
3RHet	1740847	1740857	Y	1534818	1534828	-
3RHet	1740815	1740838	Y	1534829	1534852	-
3RHet	1740812	1740813	Y	1534853	1534854	-
3RHet	1740417	1740811	Y	1534856	1535250	-
3RHet	1740364	1740415	Y	1535251	1535302	-
3RHet	1740322	1740363	Y	1535304	1535345	-
3RHet	1740157	1740319	Y	1535346	1535508	-
3RHet	1740144	1740144	Y	1535509	1535509	-
3RHet	1740054	1740141	Y	1535510	1535597	-
3RHet	1740051	1740053	Y	1535602	1535604	-
3RHet	1739923	1740050	Y	1535608	1535735	-
3RHet	1741786	1742009	Y	1835582	1835805	+
3RHet	1742013	1742016	Y	1835806	1835809	+
3RHet	1742021	1742022	Y	1835810	1835811	+
3RHet	1742028	1742251	Y	1835812	1836035	+
3RHet	1742252	1742279	Y	1836038	1836065	+
3RHet	1742281	1742335	Y	1836066	1836120	+
3RHet	1742348	1742348	Y	1836121	1836121	+
3RHet	1742360	1742385	Y	1836122	1836147	+
3RHet	1742409	1742525	Y	1836148	1836264	+
3RHet	1742545	1742975	Y	1836265	1836695	+
3RHet	1742998	1743001	Y	1836696	1836699	+
3RHet	1743004	1743104	Y	1836700	1836800	+
3RHet	1743105	1743125	Y	1836802	1836822	+
3RHet	1743141	1743273	Y	1836823	1836955	+
3RHet	252443	252750	Y	3633406	3633713	+
3RHet	252757	252803	Y	3633714	3633760	+
3RHet	252805	252810	Y	3633761	3633766	+
3RHet	252816	252816	Y	3633767	3633767	+
3RHet	252819	252850	Y	3633768	3633799	+
3RHet	1533787	1533967	Y	1078619	1078799	-
3RHet	1533669	1533785	Y	1078800	1078916	-
3RHet	1533568	1533667	Y	1078917	1079016	-
4	1350306	1351857	X	36754	38305	-
4	8858	8998	X	23322510	23322650	-
4	8084	8857	X	23322662	23323435	-
4	6142	8082	X	23323436	23325376	-
4	15590	15632	3R	2518613	2518655	+
4	15634	15635	3R	2518656	2518657	+
4	15637	15745	3R	2518658	2518766	+
4	15748	15767	3R	2518767	2518786	+
4	15768	15768	3R	2518788	2518788	+
4	15769	15773	3R	2518790	2518794	+
4	15774	15774	3R	2518796	2518796	+
4	15775	15775	3R	2518802	2518802	+
4	15776	15784	3R	2518804	2518812	+
4	15787	15789	3R	2518813	2518815	+
4	15791	15792	3R	2518816	2518817	+
4	15793	15802	3R	2518821	2518830	+
4	15803	15804	3R	2518836	2518837	+
4	15805	16008	3R	2518850	2519053	+
4	16030	16030	3R	2519054	2519054	+
4	16032	16039	3R	2519055	2519062	+
4	16049	16118	3R	2519063	2519132	+
4	16120	16122	3R	2519133	2519135	+
4	16129	16130	3R	2519136	2519137	+
4	16134	16199	3R	2519138	2519203	+
4	16209	16343	3R	2519204	2519338	+
4	24054	1221288	4	3428	1200662	+
4	1221390	1350305	4	1217664	1346579	+
4	13190	13246	Y	809384	809440	-
4	13137	13189	Y	809442	809494	-
4	13114	13135	Y	809495	809516	-
4	13107	13112	Y	809517	809522	-
4	12344	13106	Y	809527	810289	-
4	10870	12343	Y	810291	811764	-
4	10538	10868	Y	811765	812095	-
4	10435	10537	Y	812101	812203	-
4	10177	10419	Y	812204	812446	-
4	8999	10170	Y	812447	813618	-
U	4396572	4397862	Un_CP007102v1	1	1291	+
U	4405793	4409285	Un_CP007102v1	9222	12714	+
U	3335753	3336203	2L	23123967	23124417	+
U	3336205	3336220	2L	23124418	23124433	+
U	3336221	3336325	2L	23124450	23124554	+
U	3336326	3336840	2L	23124556	23125070	+
U	3336842	3337211	2L	23125071	23125440	+
U	3337213	3337218	2L	23125441	23125446	+
U	3337219	3337234	2L	23125448	23125463	+
U	3337251	3337468	2L	23125464	23125681	+
U	3337469	3337474	2L	23125683	23125688	+
U	3337476	3337491	2L	23125689	23125704	+
U	3337492	3337596	2L	23125721	23125825	+
U	3337597	3337853	2L	23125828	23126084	+
U	3337856	3342925	2L	23126085	23131154	+
U	3342927	3346282	2L	23131155	23134510	+
U	3346284	3352735	2L	23134511	23140962	+
U	3523651	3529203	2L	23229823	23235375	+
U	3532036	3541455	2L	23237767	23247186	+
U	5597252	5603691	2L	23213481	23219920	-
U	9073960	9075168	2L	22462358	22463566	-
U	9172546	9173184	2L	23206704	23207342	-
U	1028460	1041768	X	21907316	21920624	-
U	1008096	1024355	X	21925227	21941486	-
U	1008074	1008074	X	21941487	21941487	-
U	1008071	1008072	X	21941488	21941489	-
U	1008066	1008068	X	21941490	21941492	-
U	1007910	1008054	X	21941493	21941637	-
U	1007892	1007909	X	21941639	21941656	-
U	1004219	1007891	X	21941658	21945330	-
U	991147	1004218	X	21945332	21958403	-
U	964337	991146	X	21958405	21985214	-
U	1027454	1027842	X	22016380	22016768	+
U	1027847	1027849	X	22016769	22016771	+
U	1027855	1027858	X	22016772	22016775	+
U	1027862	1027923	X	22016776	22016837	+
U	1027925	1028066	X	22016838	22016979	+
U	1028067	1028459	X	22017023	22017415	+
U	2901195	2901203	X	23333412	23333420	+
U	2901204	2902081	X	23333425	23334302	+
U	2902888	2903017	X	23336628	23336757	+
U	2903019	2903201	X	23336758	23336940	+
U	2903206	2903308	X	23336941	23337043	+
U	2903310	2903313	X	23337044	23337047	+
U	2903315	2903489	X	23337048	23337222	+
U	2903492	2903515	X	23337223	23337246	+
U	2903516	2903571	X	23337255	23337310	+
U	2903572	2903769	X	23337312	23337509	+
U	2903770	2903798	X	23337514	23337542	+
U	2903801	2903875	X	23337543	23337617	+
U	3089096	3091288	X	23509908	23512100	+
U	3108336	3109995	X	23528664	23530323	+
U	3110010	3113017	X	23530338	23533345	+
U	3107657	3108093	X	23484712	23485148	+
U	3108095	3108335	X	23485149	23485389	+
U	3109996	3110009	X	23487066	23487079	+
U	3113118	3122430	X	22119840	22129152	+
U	3122871	3137097	X	22129711	22143937	+
U	3137098	3137143	X	22188250	22188295	+
U	3137144	3137315	X	22227603	22227774	+
U	3711617	3714192	X	21920625	21923200	+
U	3927535	3927964	X	23288257	23288686	-
U	3924697	3927118	X	23289103	23291524	-
U	3923597	3924219	X	23291525	23292147	-
U	3917831	3918024	X	23305360	23305553	-
U	3916175	3917830	X	23305556	23307211	-
U	3918025	3918650	X	23296782	23297407	-
U	3915966	3916174	X	23299260	23299468	-
U	3914997	3915964	X	23299469	23300436	-
U	3913260	3914996	X	23300446	23302182	-
U	3913158	3913258	X	23302183	23302283	-
U	3927119	3927534	X	23244695	23245110	+
U	3927965	3927992	X	23471149	23471176	-
U	3930916	3931471	X	23497640	23498195	+
U	3931473	3933971	X	23498196	23500694	+
U	3940585	3942902	X	23507590	23509907	+
U	3937712	3940584	X	21884152	21887024	+
U	4359642	4360893	X	23515537	23516788	+
U	5466329	5466483	X	22250860	22251014	+
U	5466485	5468004	X	22251015	22252534	+
U	5468227	5473759	X	22252757	22258289	+
U	5473761	5474210	X	22258290	22258739	+
U	5474212	5474996	X	22258740	22259524	+
U	5468005	5468052	X	22242554	22242601	+
U	5468053	5468212	X	22247630	22247789	+
U	5468215	5468226	X	22247790	22247801	+
U	5688205	5690933	X	21851455	21854183	+
U	5852665	5852774	X	23231040	23231149	+
U	5938179	5939443	X	23396737	23398001	+
U	5939445	5939468	X	23398002	23398025	+
U	5939470	5939476	X	23398026	23398032	+
U	5939478	5941612	X	23398033	23400167	+
U	5941614	5942968	X	23400168	23401522	+
U	6332468	6333239	X	74772	75543	+
U	6452085	6452202	X	23241874	23241991	+
U	6452208	6452474	X	23241992	23242258	+
U	6452475	6452803	X	23242260	23242588	+
U	6558430	6558452	X	76200	76222	+
U	6622557	6623419	X	23315511	23316373	-
U	6703710	6704271	X	21817689	21818250	+
U	6704272	6704276	X	21818252	21818256	+
U	6747285	6748124	X	23523206	23524045	+
U	6748127	6750461	X	23524048	23526382	+
U	6859436	6859458	X	23414205	23414227	-
U	6902865	6902872	X	56967	56974	+
U	6902873	6905821	X	56976	59924	+
U	7283903	7286207	X	11173	13477	+
U	7286208	7286507	X	36131	36430	+
U	7308163	7310743	X	23442954	23445534	-
U	7584661	7585191	X	26907	27437	+
U	7729594	7729602	X	6323	6331	+
U	7729603	7729676	X	6333	6406	+
U	7729677	7729679	X	6408	6410	+
U	7729681	7729687	X	6411	6417	+
U	7729689	7729709	X	6418	6438	+
U	7729710	7729716	X	6440	6446	+
U	7729717	7729731	X	6448	6462	+
U	7729733	7729756	X	6463	6486	+
U	7729758	7729766	X	6487	6495	+
U	7729770	7729780	X	6496	6506	+
U	7729781	7729792	X	6510	6521	+
U	7729793	7729802	X	6523	6532	+
U	7729803	7729804	X	6534	6535	+
U	7729805	7729808	X	6538	6541	+
U	7729809	7729811	X	6543	6545	+
U	7729812	7730230	X	6557	6975	+
U	7730232	7730234	X	6976	6978	+
U	7730235	7730329	X	6980	7074	+
U	7730331	7730334	X	7075	7078	+
U	7730335	7731611	X	7080	8356	+
U	7866055	7867950	X	23259377	23261272	+
U	7867952	7868027	X	23261273	23261348	+
U	7868029	7868129	X	23261349	23261449	+
U	7868130	7868138	X	23261451	23261459	+
U	8241903	8242525	X	8357	8979	-
U	8241902	8241902	X	8986	8986	-
U	8241497	8241901	X	8990	9394	-
U	8241435	8241495	X	9395	9455	-
U	8241350	8241434	X	9457	9541	-
U	8241331	8241348	X	9542	9559	-
U	8241329	8241330	X	9561	9562	-
U	8240762	8241328	X	9564	10130	-
U	8381509	8382986	X	23229562	23231039	+
U	8619878	8620614	X	23368194	23368930	+
U	8620615	8620931	X	23368939	23369255	+
U	8620935	8621195	X	23369256	23369516	+
U	8621196	8621265	X	23369518	23369587	+
U	8694927	8695040	X	23335056	23335169	+
U	8695041	8695251	X	23335182	23335392	+
U	8695252	8695769	X	23335404	23335921	+
U	8695770	8696273	X	23335932	23336435	+
U	8855532	8855652	X	21903083	21903203	+
U	8855654	8856796	X	21903204	21904346	+
U	8856798	8856805	X	21904347	21904354	+
U	8904752	8904764	X	23370523	23370535	+
U	8905086	8905430	X	23391432	23391776	+
U	8905431	8905996	X	23391813	23392378	+
U	8905997	8906011	X	23406425	23406439	+
U	8904765	8904989	X	23415579	23415803	+
U	8904990	8905085	X	23415805	23415900	+
U	8912909	8912941	X	21829976	21830008	+
U	8912942	8913921	X	21830010	21830989	+
U	8913923	8914166	X	21830990	21831233	+
U	8938459	8938479	X	22051137	22051157	-
U	8938402	8938458	X	22051159	22051215	-
U	8938143	8938401	X	22051225	22051483	-
U	8937235	8938142	X	22051488	22052395	-
U	8978739	8979972	X	23263797	23265030	-
U	9108488	9109053	X	23512101	23512666	+
U	9109055	9109070	X	23512667	23512682	+
U	9109072	9109100	X	23512683	23512711	+
U	9185375	9185944	X	23237208	23237777	+
U	9185945	9186488	X	23237779	23238322	+
U	9186489	9186500	X	23238325	23238336	+
U	9186501	9186557	X	23370394	23370450	+
U	9191889	9192964	X	22249784	22250859	-
U	9191784	9191888	X	22171915	22172019	-
U	9202020	9202028	X	95313	95321	+
U	9202029	9203181	X	95323	96475	+
U	9203183	9203197	X	96476	96490	+
U	9223704	9224876	X	91101	92273	-
U	9426306	9427435	X	85398	86527	+
U	9579433	9580531	X	23494109	23495207	+
U	9623567	9623630	X	22222591	22222654	+
U	9623632	9624654	X	22222655	22223677	+
U	9664317	9664888	X	23488649	23489220	-
U	2941165	2942851	X	23446096	23447782	+
U	2942852	2946399	X	23447784	23451331	+
U	2952687	2958249	X	23457668	23463230	+
U	2960214	2960318	X	23464805	23464909	+
U	2960320	2961174	X	23464910	23465764	+
U	2961176	2966548	X	23465765	23471137	+
U	2966549	2966555	X	23471139	23471145	+
U	2950229	2950289	X	23281236	23281296	+
U	2950293	2950317	X	23281297	23281321	+
U	2950320	2950326	X	23281322	23281328	+
U	2950327	2950663	X	23281330	23281666	+
U	2950672	2951944	X	23281667	23282939	+
U	2951945	2952004	X	23282941	23283000	+
U	2952006	2952024	X	23283001	23283019	+
U	2952025	2952237	X	23283021	23283233	+
U	2952238	2952279	X	23283236	23283277	+
U	2952280	2952281	X	23283279	23283280	+
U	2952282	2952306	X	23283282	23283306	+
U	2952307	2952312	X	23283308	23283313	+
U	2952314	2952340	X	23283314	23283340	+
U	2952341	2952402	X	23283344	23283405	+
U	2952413	2952420	X	23283406	23283413	+
U	2952421	2952432	X	23283415	23283426	+
U	2952440	2952443	X	23283427	23283430	+
U	2952445	2952451	X	23283431	23283437	+
U	2952452	2952461	X	23283439	23283448	+
U	2952468	2952470	X	23283449	23283451	+
U	2952476	2952489	X	23283452	23283465	+
U	2952493	2952509	X	23283466	23283482	+
U	2952510	2952591	X	23283484	23283565	+
U	2952592	2952673	X	23283567	23283648	+
U	3645531	3652487	X	23272183	23279139	+
U	3652691	3654031	X	23279377	23280717	+
U	3657212	3661802	X	23283666	23288256	+
U	4459334	4459339	X	23413883	23413888	-
U	4447508	4447515	X	23431482	23431489	-
U	4570729	4571941	X	23261460	23262672	-
U	4560897	4561536	X	23271543	23272182	-
U	5728159	5728671	X	23430634	23431146	+
U	5728674	5728677	X	23431147	23431150	+
U	5728691	5728693	X	23431151	23431153	+
U	5728708	5728709	X	23431154	23431155	+
U	5728715	5728995	X	23431156	23431436	+
U	5732024	5732177	X	23435735	23435888	+
U	5732178	5732178	X	23435893	23435893	+
U	5732179	5732723	X	23435897	23436441	+
U	5731656	5731776	X	22010562	22010682	+
U	5731777	5731803	X	22045806	22045832	+
U	5731804	5732022	X	22045838	22046056	+
U	8863772	8865030	X	23240615	23241873	+
U	8865031	8865042	X	23426937	23426948	+
U	325271	325752	3R	1787752	1788233	+
U	325754	329756	3R	1788234	1792236	+
U	329771	331075	3R	1792237	1793541	+
U	331078	331163	3R	1793542	1793627	+
U	331164	332001	3R	1793629	1794466	+
U	332004	332455	3R	1794467	1794918	+
U	332457	426688	3R	1794919	1889150	+
U	426689	426693	3R	1889153	1889157	+
U	426699	427798	3R	1889158	1890257	+
U	427800	429100	3R	1890258	1891558	+
U	429101	429354	3R	1891560	1891813	+
U	442356	465558	3R	1906325	1929527	+
U	465559	543815	3R	1929529	2007785	+
U	543916	543974	3R	1461886	1461944	+
U	543975	614596	3R	1461950	1532571	+
U	614598	616537	3R	1532572	1534511	+
U	616538	621473	3R	1534513	1539448	+
U	621475	639309	3R	1539449	1557283	+
U	900815	902401	3R	3106493	3108079	+
U	902404	964236	3R	3108082	3169914	+
U	1413403	1444264	3R	422341	453202	+
U	1444265	1487971	3R	453210	496916	+
U	1679830	1680131	3R	1664701	1665002	-
U	1678937	1679346	3R	1665004	1665413	-
U	1678512	1678935	3R	1665414	1665837	-
U	1677424	1678481	3R	1665838	1666895	-
U	1674144	1677422	3R	1666896	1670174	-
U	1673733	1674143	3R	1670657	1671067	-
U	1672221	1673732	3R	1671069	1672580	-
U	1616500	1672220	3R	1672582	1728302	-
U	1679348	1679829	3R	1670175	1670656	-
U	1798247	1801660	3R	521173	524586	+
U	1802460	1805810	3R	525386	528736	+
U	1805832	1805899	3R	531278	531345	+
U	1805900	1826010	3R	531347	551457	+
U	1826012	1846690	3R	551458	572136	+
U	1846692	1847720	3R	572137	573165	+
U	1847733	1847738	3R	573166	573171	+
U	1847742	1847742	3R	573172	573172	+
U	1847744	1847744	3R	573173	573173	+
U	1847758	1851017	3R	573174	576433	+
U	1851019	1855314	3R	576434	580729	+
U	1855315	1855579	3R	580731	580995	+
U	1855580	1855611	3R	581002	581033	+
U	1855613	1855634	3R	581034	581055	+
U	1855636	1855643	3R	581056	581063	+
U	1855644	1886015	3R	589683	620054	+
U	1886017	1887052	3R	620055	621090	+
U	1892054	1893435	3R	625083	626464	+
U	1802373	1802459	3R	416753	416839	-
U	1801785	1802371	3R	416840	417426	-
U	1801661	1801784	3R	417433	417556	-
U	1989376	2048118	3R	52705	111447	-
U	1988589	1989255	3R	111568	112234	-
U	1988576	1988580	3R	112235	112239	-
U	1988399	1988574	3R	112240	112415	-
U	1988362	1988398	3R	120049	120085	-
U	1988348	1988361	3R	120087	120100	-
U	1989298	1989375	3R	122108	122185	-
U	1989256	1989296	3R	122186	122226	-
U	2238582	2253957	3R	3040618	3055993	-
U	2199762	2238579	3R	3055994	3094811	-
U	2356579	2356823	3R	1557536	1557780	-
U	2347623	2356576	3R	1557781	1566734	-
U	2343957	2343991	3R	1570869	1570903	-
U	2342868	2343956	3R	1570905	1571993	-
U	2341119	2342536	3R	1572334	1573751	-
U	2341107	2341118	3R	1573753	1573764	-
U	2333360	2341086	3R	1581550	1589276	-
U	2333317	2333358	3R	1589277	1589318	-
U	2332684	2333315	3R	1589319	1589950	-
U	2368027	2369962	3R	1566735	1568670	-
U	2367949	2368025	3R	1568671	1568747	-
U	2356824	2360540	3R	1575434	1579150	-
U	2332471	2332568	3R	305974	306071	+
U	2332570	2332683	3R	306072	306185	+
U	2407802	2408360	3R	2487552	2488110	-
U	2443445	2446257	3R	3970150	3972962	+
U	2451471	2455538	3R	3977935	3982002	+
U	2460464	2477706	3R	3987156	4004398	+
U	2691771	2708536	3R	1603928	1620693	+
U	2711769	2719705	3R	1623685	1631621	+
U	2966656	2968107	3R	355564	357015	+
U	2976282	2981676	3R	365991	371385	+
U	2985087	2989595	3R	374673	379181	+
U	2989597	2991876	3R	379182	381461	+
U	3088564	3088601	3R	626892	626929	-
U	3083576	3088563	3R	626931	631918	-
U	3083568	3083575	3R	631920	631927	-
U	3066473	3080617	3R	634880	649024	-
U	3066364	3066373	3R	649223	649232	-
U	3066210	3066362	3R	649233	649385	-
U	3064162	3066208	3R	649386	651432	-
U	3137420	3137495	3R	138678	138753	+
U	3137497	3137542	3R	138754	138799	+
U	3137544	3137565	3R	138800	138821	+
U	3137566	3137576	3R	138823	138833	+
U	3137578	3137580	3R	138834	138836	+
U	3137581	3137598	3R	138838	138855	+
U	3137599	3137603	3R	138858	138862	+
U	3137605	3137609	3R	138863	138867	+
U	3137610	3137662	3R	138869	138921	+
U	3137665	3137679	3R	138922	138936	+
U	3137681	3137702	3R	138937	138958	+
U	3137704	3137714	3R	138959	138969	+
U	3137716	3137726	3R	138970	138980	+
U	3137728	3137738	3R	138981	138991	+
U	3137740	3137750	3R	138992	139002	+
U	3137752	3137762	3R	139003	139013	+
U	3137764	3137774	3R	139014	139024	+
U	3137776	3137786	3R	139025	139035	+
U	3137788	3137798	3R	139036	139046	+
U	3137800	3137823	3R	139047	139070	+
U	3137824	3137845	3R	139072	139093	+
U	3137846	3137856	3R	139095	139105	+
U	3137858	3137896	3R	139106	139144	+
U	3137898	3137914	3R	139145	139161	+
U	3137916	3137937	3R	139162	139183	+
U	3137939	3137949	3R	139184	139194	+
U	3137951	3137985	3R	139195	139229	+
U	3137986	3137996	3R	139231	139241	+
U	3137998	3138019	3R	139242	139263	+
U	3138021	3138031	3R	139264	139274	+
U	3138033	3138043	3R	139275	139285	+
U	3138044	3138064	3R	139287	139307	+
U	3138065	3138076	3R	139309	139320	+
U	3138078	3138099	3R	139321	139342	+
U	3138101	3138107	3R	139343	139349	+
U	3138110	3138147	3R	139350	139387	+
U	3138149	3138159	3R	139388	139398	+
U	3138161	3138232	3R	139399	139470	+
U	3138239	3138240	3R	139471	139472	+
U	3138246	3138277	3R	139473	139504	+
U	3138278	3138288	3R	139506	139516	+
U	3138290	3138323	3R	139517	139550	+
U	3138324	3138358	3R	139552	139586	+
U	3138359	3138434	3R	139588	139663	+
U	3138435	3138555	3R	139676	139796	+
U	3138556	3138573	3R	139798	139815	+
U	3138574	3138595	3R	139840	139861	+
U	3138597	3138639	3R	139862	139904	+
U	3138640	3138643	3R	139906	139909	+
U	3138644	3138645	3R	139915	139916	+
U	3138646	3138646	3R	139919	139919	+
U	3138647	3138762	3R	139921	140036	+
U	3138764	3138827	3R	140037	140100	+
U	3138829	3138839	3R	140101	140111	+
U	3138841	3138851	3R	140112	140122	+
U	3138853	3138873	3R	140123	140143	+
U	3138875	3138886	3R	140144	140155	+
U	3138888	3138909	3R	140156	140177	+
U	3138911	3138932	3R	140178	140199	+
U	3138934	3138944	3R	140200	140210	+
U	3138946	3138956	3R	140211	140221	+
U	3138958	3138968	3R	140222	140232	+
U	3138970	3139006	3R	140233	140269	+
U	3139007	3139035	3R	140271	140299	+
U	3139037	3139047	3R	140300	140310	+
U	3139048	3139081	3R	140312	140345	+
U	3139083	3139093	3R	140346	140356	+
U	3139095	3139116	3R	140357	140378	+
U	3139117	3139138	3R	140380	140401	+
U	3139139	3139160	3R	140403	140424	+
U	3139161	3139171	3R	140426	140436	+
U	3139173	3139183	3R	140437	140447	+
U	3139185	3139213	3R	140448	140476	+
U	3139216	3139230	3R	140477	140491	+
U	3139232	3139253	3R	140492	140513	+
U	3139255	3139265	3R	140514	140524	+
U	3139267	3139289	3R	140525	140547	+
U	3139291	3139310	3R	140548	140567	+
U	3139312	3139325	3R	140568	140581	+
U	3139327	3139349	3R	140582	140604	+
U	3139351	3139373	3R	140605	140627	+
U	3139375	3139407	3R	140628	140660	+
U	3139409	3139430	3R	140661	140682	+
U	3139432	3139523	3R	140683	140774	+
U	3139525	3139535	3R	140775	140785	+
U	3139537	3139547	3R	140786	140796	+
U	3139549	3139559	3R	140797	140807	+
U	3139561	3139571	3R	140808	140818	+
U	3139573	3139582	3R	140819	140828	+
U	3139584	3139595	3R	140829	140840	+
U	3139597	3140169	3R	140841	141413	+
U	3140170	3140211	3R	141415	141456	+
U	3140214	3140251	3R	141457	141494	+
U	3140253	3140263	3R	141495	141505	+
U	3140265	3140275	3R	141506	141516	+
U	3140276	3140282	3R	141521	141527	+
U	3140284	3140294	3R	141528	141538	+
U	3140296	3140306	3R	141539	141549	+
U	3140308	3140318	3R	141550	141560	+
U	3140320	3140330	3R	141561	141571	+
U	3140332	3140388	3R	141572	141628	+
U	3140390	3140411	3R	141629	141650	+
U	3140413	3140434	3R	141651	141672	+
U	3140436	3140457	3R	141673	141694	+
U	3140459	3140502	3R	141695	141738	+
U	3140504	3140525	3R	141739	141760	+
U	3140527	3140537	3R	141761	141771	+
U	3140539	3140582	3R	141772	141815	+
U	3140584	3140605	3R	141816	141837	+
U	3140607	3140617	3R	141838	141848	+
U	3140619	3140653	3R	141849	141883	+
U	3140655	3140665	3R	141884	141894	+
U	3140667	3140677	3R	141895	141905	+
U	3140679	3140701	3R	141906	141928	+
U	3140703	3140712	3R	141929	141938	+
U	3140714	3140725	3R	141939	141950	+
U	3140727	3140804	3R	141951	142028	+
U	3140806	3140840	3R	142029	142063	+
U	3140842	3140887	3R	142064	142109	+
U	3140889	3140907	3R	142110	142128	+
U	3140908	3141034	3R	142131	142257	+
U	3141037	3141039	3R	142258	142260	+
U	3141040	3141085	3R	142262	142307	+
U	3141087	3141097	3R	142308	142318	+
U	3141099	3141133	3R	142319	142353	+
U	3141135	3141157	3R	142354	142376	+
U	3141159	3141169	3R	142377	142387	+
U	3141170	3141180	3R	142389	142399	+
U	3141181	3141191	3R	142401	142411	+
U	3141192	3141210	3R	142413	142431	+
U	3141211	3141225	3R	142433	142447	+
U	3141227	3141252	3R	142448	142473	+
U	3141254	3142807	3R	142474	144027	+
U	3142808	3142827	3R	144029	144048	+
U	3142830	3142832	3R	144049	144051	+
U	3142833	3142838	3R	144054	144059	+
U	3142840	3142875	3R	144060	144095	+
U	3142877	3142883	3R	144096	144102	+
U	3142886	3142926	3R	144103	144143	+
U	3142928	3142935	3R	144144	144151	+
U	3142937	3142947	3R	144152	144162	+
U	3142949	3143028	3R	144163	144242	+
U	3143029	3143104	3R	144244	144319	+
U	3143105	3143119	3R	144321	144335	+
U	3143121	3143211	3R	144336	144426	+
U	3143212	3143222	3R	144428	144438	+
U	3143223	3143360	3R	144440	144577	+
U	3143361	3143371	3R	144579	144589	+
U	3143372	3143393	3R	144591	144612	+
U	3143394	3143469	3R	144614	144689	+
U	3143472	3143532	3R	144690	144750	+
U	3143533	3143534	3R	144752	144753	+
U	3143536	3143543	3R	144754	144761	+
U	3143544	3143647	3R	144763	144866	+
U	3143648	3143658	3R	144868	144878	+
U	3143660	3143679	3R	144879	144898	+
U	3143680	3143752	3R	144910	144982	+
U	3143753	3143811	3R	144984	145042	+
U	3143812	3143822	3R	145044	145054	+
U	3143823	3143837	3R	145056	145070	+
U	3143838	3143844	3R	145072	145078	+
U	3143845	3143855	3R	145080	145090	+
U	3143856	3143937	3R	145092	145173	+
U	3143938	3143961	3R	145175	145198	+
U	3143962	3143982	3R	145200	145220	+
U	3143983	3144051	3R	145222	145290	+
U	3144052	3144062	3R	145292	145302	+
U	3144063	3144085	3R	145304	145326	+
U	3144086	3144109	3R	145328	145351	+
U	3144111	3144124	3R	145352	145365	+
U	3144126	3144188	3R	145366	145428	+
U	3144189	3156005	3R	145430	157246	+
U	3156006	3156140	3R	157248	157382	+
U	3156142	3156168	3R	157383	157409	+
U	3156170	3156186	3R	157410	157426	+
U	3156188	3156198	3R	157427	157437	+
U	3156199	3156290	3R	157439	157530	+
U	3156292	3156301	3R	157531	157540	+
U	3156302	3156312	3R	157542	157552	+
U	3156314	3156375	3R	157553	157614	+
U	3156376	3156380	3R	157616	157620	+
U	3156381	3156402	3R	157622	157643	+
U	3156404	3156419	3R	157644	157659	+
U	3156420	3156426	3R	157671	157677	+
U	3156427	3156456	3R	157679	157708	+
U	3156459	3156476	3R	157709	157726	+
U	3156477	3156495	3R	157728	157746	+
U	3156497	3156513	3R	157747	157763	+
U	3156515	3156519	3R	157764	157768	+
U	3156521	3156531	3R	157769	157779	+
U	3156533	3156567	3R	157780	157814	+
U	3156569	3156579	3R	157815	157825	+
U	3156581	3156599	3R	157826	157844	+
U	3156600	3156627	3R	157847	157874	+
U	3156629	3156637	3R	157875	157883	+
U	3156638	3156660	3R	157885	157907	+
U	3156661	3156683	3R	157909	157931	+
U	3156684	3156707	3R	157933	157956	+
U	3156708	3156756	3R	157958	158006	+
U	3156762	3156762	3R	158007	158007	+
U	3156769	3156809	3R	158008	158048	+
U	3156811	3156833	3R	158049	158071	+
U	3156835	3156860	3R	158072	158097	+
U	3156862	3156890	3R	158098	158126	+
U	3156893	3156895	3R	158127	158129	+
U	3156897	3156907	3R	158130	158140	+
U	3156909	3156943	3R	158141	158175	+
U	3156945	3157014	3R	158176	158245	+
U	3157015	3157037	3R	158247	158269	+
U	3157038	3157048	3R	158271	158281	+
U	3157049	3157071	3R	158283	158305	+
U	3157072	3157105	3R	158307	158340	+
U	3157106	3157117	3R	158342	158353	+
U	3157118	3157129	3R	158355	158366	+
U	3157130	3157138	3R	158368	158376	+
U	3157139	3157149	3R	158378	158388	+
U	3157150	3157197	3R	158390	158437	+
U	3157198	3157206	3R	158443	158451	+
U	3157208	3157263	3R	158452	158507	+
U	3157265	3157280	3R	158508	158523	+
U	3157282	3157309	3R	158524	158551	+
U	3157310	3157343	3R	158553	158586	+
U	3157344	3157388	3R	158588	158632	+
U	3157389	3157391	3R	158634	158636	+
U	3157393	3157432	3R	158637	158676	+
U	3157433	3157443	3R	158678	158688	+
U	3157444	3157472	3R	158690	158718	+
U	3157473	3157487	3R	158721	158735	+
U	3157488	3157509	3R	158737	158758	+
U	3157510	3157520	3R	158760	158770	+
U	3157521	3157531	3R	158772	158782	+
U	3157532	3157542	3R	158784	158794	+
U	3157543	3157565	3R	158796	158818	+
U	3157566	3157588	3R	158820	158842	+
U	3157589	3157599	3R	158844	158854	+
U	3157600	3157610	3R	158856	158866	+
U	3157611	3157621	3R	158868	158878	+
U	3157622	3157633	3R	158880	158891	+
U	3157635	3157701	3R	158892	158958	+
U	3157702	3157712	3R	158960	158970	+
U	3157713	3157723	3R	158983	158993	+
U	3157724	3157745	3R	158995	159016	+
U	3157746	3157756	3R	159018	159028	+
U	3157757	3157882	3R	159030	159155	+
U	3157883	3157904	3R	159157	159178	+
U	3157905	3157911	3R	159180	159186	+
U	3157912	3157926	3R	159189	159203	+
U	3157927	3157939	3R	159205	159217	+
U	3157941	3157961	3R	159218	159238	+
U	3157962	3157972	3R	159240	159250	+
U	3157973	3157983	3R	159252	159262	+
U	3157984	3157994	3R	159264	159274	+
U	3157995	3158005	3R	159276	159286	+
U	3158006	3158073	3R	159288	159355	+
U	3158074	3158152	3R	159357	159435	+
U	3158153	3158164	3R	159437	159448	+
U	3158166	3158187	3R	159449	159470	+
U	3158188	3158198	3R	159472	159482	+
U	3158199	3158221	3R	159484	159506	+
U	3158223	3158246	3R	159507	159530	+
U	3158248	3158262	3R	159531	159545	+
U	3158263	3158264	3R	159556	159557	+
U	3158265	3158304	3R	159559	159598	+
U	3158306	3158316	3R	159599	159609	+
U	3158317	3158349	3R	159611	159643	+
U	3158350	3158375	3R	159645	159670	+
U	3158377	3158425	3R	159671	159719	+
U	3158426	3158465	3R	159721	159760	+
U	3158466	3158500	3R	159762	159796	+
U	3158501	3158525	3R	159798	159822	+
U	3158526	3158544	3R	159824	159842	+
U	3158545	3158560	3R	159844	159859	+
U	3158561	3158599	3R	159861	159899	+
U	3158600	3158624	3R	159901	159925	+
U	3158625	3158628	3R	159927	159930	+
U	3158629	3158643	3R	159933	159947	+
U	3158644	3158665	3R	159949	159970	+
U	3158666	3158676	3R	159972	159982	+
U	3158677	3158687	3R	159984	159994	+
U	3158688	3158698	3R	159996	160006	+
U	3158699	3158709	3R	160008	160018	+
U	3158710	3158720	3R	160020	160030	+
U	3158721	3158731	3R	160032	160042	+
U	3158732	3158742	3R	160044	160054	+
U	3158743	3158753	3R	160056	160066	+
U	3158754	3158798	3R	160068	160112	+
U	3158800	3158810	3R	160113	160123	+
U	3158811	3158841	3R	160125	160155	+
U	3158842	3158844	3R	160158	160160	+
U	3158846	3158867	3R	160161	160182	+
U	3158869	3158906	3R	160183	160220	+
U	3158911	3158939	3R	160221	160249	+
U	3158940	3158950	3R	160251	160261	+
U	3158951	3158961	3R	160263	160273	+
U	3158962	3158972	3R	160275	160285	+
U	3158973	3158984	3R	160287	160298	+
U	3158985	3158994	3R	160300	160309	+
U	3158996	3159040	3R	160310	160354	+
U	3159041	3159066	3R	160356	160381	+
U	3159067	3159084	3R	160383	160400	+
U	3159085	3159128	3R	160402	160445	+
U	3159129	3159150	3R	160447	160468	+
U	3159151	3159161	3R	160470	160480	+
U	3159162	3159182	3R	160482	160502	+
U	3159195	3159240	3R	160503	160548	+
U	3159241	3159251	3R	160550	160560	+
U	3159252	3159268	3R	160562	160578	+
U	3159269	3159276	3R	160580	160587	+
U	3159277	3159285	3R	160589	160597	+
U	3159286	3159295	3R	160599	160608	+
U	3159296	3159306	3R	160610	160620	+
U	3159307	3159317	3R	160622	160632	+
U	3159318	3159328	3R	160634	160644	+
U	3159329	3159339	3R	160646	160656	+
U	3159340	3159361	3R	160658	160679	+
U	3159362	3159372	3R	160681	160691	+
U	3159373	3159386	3R	160693	160706	+
U	3159387	3159406	3R	160708	160727	+
U	3159407	3159429	3R	160729	160751	+
U	3159430	3159450	3R	160753	160773	+
U	3159452	3159456	3R	160774	160778	+
U	3159457	3159462	3R	160785	160790	+
U	3159464	3159487	3R	160791	160814	+
U	3159489	3159508	3R	160815	160834	+
U	3159510	3159520	3R	160835	160845	+
U	3159521	3159545	3R	160847	160871	+
U	3159546	3159553	3R	160873	160880	+
U	3159554	3159589	3R	160882	160917	+
U	3159590	3159619	3R	160919	160948	+
U	3159620	3159625	3R	160950	160955	+
U	3159627	3159663	3R	160956	160992	+
U	3159664	3159675	3R	160994	161005	+
U	3159676	3159703	3R	161007	161034	+
U	3159704	3159718	3R	161037	161051	+
U	3159719	3159740	3R	161053	161074	+
U	3159741	3159763	3R	161076	161098	+
U	3159764	3159797	3R	161100	161133	+
U	3159798	3159837	3R	161135	161174	+
U	3159838	3159844	3R	161176	161182	+
U	3159846	3159865	3R	161183	161202	+
U	3159867	3159877	3R	161203	161213	+
U	3159878	3159899	3R	161215	161236	+
U	3159900	3159906	3R	161238	161244	+
U	3159907	3159932	3R	161247	161272	+
U	3159933	3159943	3R	161286	161296	+
U	3159944	3159954	3R	161298	161308	+
U	3159955	3159965	3R	161310	161320	+
U	3159966	3160000	3R	161322	161356	+
U	3160001	3160012	3R	161358	161369	+
U	3160013	3160044	3R	161371	161402	+
U	3160045	3160066	3R	161404	161425	+
U	3160067	3160088	3R	161427	161448	+
U	3160089	3160095	3R	161450	161456	+
U	3160096	3160110	3R	161459	161473	+
U	3160111	3160135	3R	161475	161499	+
U	3160136	3160143	3R	161501	161508	+
U	3160144	3160154	3R	161510	161520	+
U	3160155	3160165	3R	161522	161532	+
U	3160166	3160179	3R	161534	161547	+
U	3160180	3160187	3R	161549	161556	+
U	3160188	3160198	3R	161558	161568	+
U	3160199	3160209	3R	161570	161580	+
U	3160210	3160221	3R	161582	161593	+
U	3160222	3160253	3R	161595	161626	+
U	3160254	3160257	3R	161628	161631	+
U	3160259	3160290	3R	161632	161663	+
U	3160291	3160308	3R	161665	161682	+
U	3160309	3160341	3R	161684	161716	+
U	3160342	3160352	3R	161718	161728	+
U	3160353	3160363	3R	161730	161740	+
U	3160364	3160374	3R	161742	161752	+
U	3160375	3160385	3R	161754	161764	+
U	3160386	3160425	3R	161766	161805	+
U	3160426	3160432	3R	161807	161813	+
U	3160434	3160453	3R	161814	161833	+
U	3160454	3160464	3R	161835	161845	+
U	3160465	3160471	3R	161847	161853	+
U	3160472	3160472	3R	161861	161861	+
U	3160473	3160494	3R	161866	161887	+
U	3160495	3160544	3R	161890	161939	+
U	3160545	3160555	3R	161941	161951	+
U	3160556	3160566	3R	161953	161963	+
U	3160567	3160600	3R	161965	161998	+
U	3160602	3160638	3R	161999	162035	+
U	3160639	3160642	3R	162041	162044	+
U	3160643	3160660	3R	162051	162068	+
U	3160661	3160699	3R	162070	162108	+
U	3160700	3160716	3R	162121	162137	+
U	3160717	3160735	3R	162139	162157	+
U	3160736	3160757	3R	162159	162180	+
U	3160758	3160790	3R	162182	162214	+
U	3160791	3160824	3R	162216	162249	+
U	3160825	3160836	3R	162251	162262	+
U	3160837	3160867	3R	162264	162294	+
U	3160868	3160935	3R	162296	162363	+
U	3160936	3160957	3R	162365	162386	+
U	3160959	3160980	3R	162387	162408	+
U	3160982	3161003	3R	162409	162430	+
U	3161005	3161015	3R	162431	162441	+
U	3161016	3161027	3R	162443	162454	+
U	3161028	3161048	3R	162456	162476	+
U	3161049	3161055	3R	162478	162484	+
U	3161056	3161081	3R	162487	162512	+
U	3161082	3161092	3R	162514	162524	+
U	3161093	3161114	3R	162526	162547	+
U	3161116	3161160	3R	162548	162592	+
U	3161161	3161183	3R	162594	162616	+
U	3161184	3161265	3R	162618	162699	+
U	3161266	3161299	3R	162701	162734	+
U	3393948	3399851	3R	2409642	2415545	+
U	3399852	3400010	3R	2415563	2415721	+
U	3400012	3400047	3R	2415722	2415757	+
U	3400049	3411158	3R	2415758	2426867	+
U	3728738	3728868	3R	172515	172645	+
U	3728869	3734399	3R	172647	178177	+
U	3821763	3821798	3R	207	242	-
U	3821752	3821762	3R	244	254	-
U	3821741	3821751	3R	256	266	-
U	3821732	3821740	3R	268	276	-
U	3821725	3821731	3R	278	284	-
U	3821697	3821723	3R	285	311	-
U	3821609	3821696	3R	313	400	-
U	3821597	3821607	3R	401	411	-
U	3821543	3821595	3R	412	464	-
U	3821441	3821531	3R	465	555	-
U	3821429	3821439	3R	556	566	-
U	3821393	3821427	3R	567	601	-
U	3821387	3821391	3R	602	606	-
U	3821327	3821386	3R	608	667	-
U	3821261	3821326	3R	669	734	-
U	3821106	3821260	3R	736	890	-
U	3821071	3821105	3R	892	926	-
U	3821065	3821070	3R	928	933	-
U	3820754	3821059	3R	934	1239	-
U	3820750	3820753	3R	1241	1244	-
U	3820693	3820748	3R	1245	1300	-
U	3820446	3820691	3R	1301	1546	-
U	3820435	3820445	3R	1560	1570	-
U	3820045	3820434	3R	1572	1961	-
U	3819960	3820044	3R	1963	2047	-
U	3819959	3819959	3R	2059	2059	-
U	3817936	3819958	3R	2083	4105	-
U	3867859	3867869	3R	295426	295436	-
U	3867815	3867857	3R	295437	295479	-
U	3867803	3867814	3R	295481	295492	-
U	3867792	3867802	3R	295494	295504	-
U	3867781	3867791	3R	295506	295516	-
U	3867770	3867780	3R	295518	295528	-
U	3867759	3867769	3R	295530	295540	-
U	3867748	3867758	3R	295542	295552	-
U	3867737	3867747	3R	295554	295564	-
U	3867705	3867736	3R	295566	295597	-
U	3867694	3867704	3R	295599	295609	-
U	3867682	3867693	3R	295611	295622	-
U	3867671	3867681	3R	295624	295634	-
U	3867658	3867670	3R	295636	295648	-
U	3867638	3867657	3R	295650	295669	-
U	3867614	3867637	3R	295671	295694	-
U	3867572	3867613	3R	295707	295748	-
U	3867561	3867571	3R	295750	295760	-
U	3867550	3867560	3R	295762	295772	-
U	3867539	3867549	3R	295774	295784	-
U	3867528	3867538	3R	295786	295796	-
U	3867485	3867527	3R	295798	295840	-
U	3867473	3867484	3R	295842	295853	-
U	3867462	3867472	3R	295855	295865	-
U	3867451	3867461	3R	295867	295877	-
U	3867440	3867450	3R	295879	295889	-
U	3867429	3867439	3R	295891	295901	-
U	3867407	3867428	3R	295903	295924	-
U	3867384	3867406	3R	295926	295948	-
U	3867367	3867383	3R	295950	295966	-
U	3867363	3867366	3R	295968	295971	-
U	3867351	3867362	3R	295973	295984	-
U	3867311	3867350	3R	295986	296025	-
U	3867269	3867309	3R	296026	296066	-
U	3867258	3867268	3R	296068	296078	-
U	3867213	3867257	3R	296080	296124	-
U	3867179	3867211	3R	296125	296157	-
U	3867133	3867177	3R	296158	296202	-
U	3867100	3867132	3R	296204	296236	-
U	3867092	3867098	3R	296237	296243	-
U	3867090	3867091	3R	296247	296248	-
U	3867008	3867089	3R	296257	296338	-
U	3866975	3867007	3R	296352	296384	-
U	3866964	3866974	3R	296398	296408	-
U	3866941	3866963	3R	296410	296432	-
U	3866481	3866940	3R	296434	296893	-
U	3866465	3866479	3R	296894	296908	-
U	3866363	3866463	3R	296909	297009	-
U	3866351	3866361	3R	297010	297020	-
U	3866339	3866349	3R	297021	297031	-
U	3866330	3866337	3R	297032	297039	-
U	3866281	3866329	3R	297051	297099	-
U	3866248	3866280	3R	297101	297133	-
U	3866214	3866246	3R	297134	297166	-
U	3866202	3866212	3R	297167	297177	-
U	3866190	3866200	3R	297178	297188	-
U	3866178	3866188	3R	297189	297199	-
U	3866153	3866176	3R	297200	297223	-
U	3866132	3866151	3R	297224	297243	-
U	3866114	3866130	3R	297244	297260	-
U	3866098	3866113	3R	297262	297277	-
U	3866086	3866096	3R	297278	297288	-
U	3866050	3866085	3R	297290	297325	-
U	3866042	3866049	3R	297327	297334	-
U	3866040	3866041	3R	297338	297339	-
U	3866029	3866039	3R	297347	297357	-
U	3865969	3866027	3R	297358	297416	-
U	3865957	3865967	3R	297417	297427	-
U	3865947	3865955	3R	297428	297436	-
U	3865933	3865945	3R	297437	297449	-
U	3865888	3865931	3R	297450	297493	-
U	3865819	3865886	3R	297494	297561	-
U	3865808	3865818	3R	297563	297573	-
U	3865782	3865807	3R	297575	297600	-
U	3865751	3865781	3R	297613	297643	-
U	3865739	3865749	3R	297644	297654	-
U	3865723	3865737	3R	297655	297669	-
U	3865722	3865722	3R	297680	297680	-
U	3865715	3865721	3R	297682	297688	-
U	3865585	3865713	3R	297689	297817	-
U	3865574	3865584	3R	297819	297829	-
U	3865563	3865572	3R	297830	297839	-
U	3865550	3865561	3R	297840	297851	-
U	3865526	3865548	3R	297852	297874	-
U	3865488	3865524	3R	297875	297911	-
U	3865486	3865487	3R	297913	297914	-
U	3865457	3865484	3R	297915	297942	-
U	3865446	3865455	3R	297943	297952	-
U	3865401	3865445	3R	297954	297998	-
U	3865398	3865400	3R	298000	298002	-
U	3865390	3865396	3R	298003	298009	-
U	3865379	3865389	3R	298011	298021	-
U	3865368	3865378	3R	298023	298033	-
U	3865336	3865367	3R	298035	298066	-
U	3865244	3865335	3R	298068	298159	-
U	3865220	3865242	3R	298160	298182	-
U	3865198	3865219	3R	298195	298216	-
U	3865143	3865196	3R	298217	298270	-
U	3865130	3865141	3R	298271	298282	-
U	3865118	3865128	3R	298283	298293	-
U	3865106	3865116	3R	298294	298304	-
U	3865094	3865104	3R	298305	298315	-
U	3865082	3865092	3R	298316	298326	-
U	3865070	3865080	3R	298327	298337	-
U	3865025	3865068	3R	298338	298381	-
U	3865003	3865023	3R	298382	298402	-
U	3864954	3865001	3R	298403	298450	-
U	3864897	3864952	3R	298451	298506	-
U	3864860	3864896	3R	298508	298544	-
U	3864801	3864842	3R	298545	298586	-
U	3864789	3864799	3R	298587	298597	-
U	3864756	3864788	3R	298599	298631	-
U	3864724	3864755	3R	298633	298664	-
U	3864668	3864723	3R	298666	298721	-
U	3864635	3864667	3R	298723	298755	-
U	3864632	3864634	3R	298757	298759	-
U	3864624	3864630	3R	298760	298766	-
U	3864613	3864623	3R	298768	298778	-
U	3864602	3864612	3R	298780	298790	-
U	3864591	3864601	3R	298792	298802	-
U	3864582	3864590	3R	298804	298812	-
U	3864545	3864580	3R	298813	298848	-
U	3864532	3864543	3R	298849	298860	-
U	3864520	3864530	3R	298861	298871	-
U	3864508	3864518	3R	298872	298882	-
U	3864496	3864506	3R	298883	298893	-
U	3864484	3864494	3R	298894	298904	-
U	3864472	3864482	3R	298905	298915	-
U	3864460	3864470	3R	298916	298926	-
U	3864415	3864458	3R	298927	298970	-
U	3864404	3864413	3R	298971	298980	-
U	3864380	3864403	3R	298982	299005	-
U	3864369	3864379	3R	299007	299017	-
U	3864346	3864368	3R	299019	299041	-
U	3864335	3864345	3R	299043	299053	-
U	3864291	3864334	3R	299055	299098	-
U	3864243	3864290	3R	299100	299147	-
U	3864185	3864241	3R	299148	299204	-
U	3864161	3864171	3R	299205	299215	-
U	3864026	3864159	3R	299216	299349	-
U	3863985	3864025	3R	299351	299391	-
U	3863961	3863983	3R	299392	299414	-
U	3863947	3863960	3R	299416	299429	-
U	3863938	3863946	3R	299431	299439	-
U	3863916	3863937	3R	299441	299462	-
U	3863894	3863915	3R	299464	299485	-
U	3863806	3863893	3R	299487	299574	-
U	3863758	3863805	3R	299576	299623	-
U	3863747	3863757	3R	299625	299635	-
U	3863736	3863746	3R	299637	299647	-
U	3863725	3863735	3R	299649	299659	-
U	3863668	3863724	3R	299661	299717	-
U	3863656	3863667	3R	299729	299740	-
U	3863632	3863654	3R	299741	299763	-
U	3863597	3863630	3R	299764	299797	-
U	3863585	3863595	3R	299798	299808	-
U	3863550	3863583	3R	299809	299842	-
U	3863521	3863548	3R	299843	299870	-
U	3863519	3863519	3R	299871	299871	-
U	3863511	3863515	3R	299872	299876	-
U	3863481	3863503	3R	299877	299899	-
U	3863436	3863480	3R	299901	299945	-
U	3863315	3863435	3R	299947	300067	-
U	3863282	3863314	3R	300069	300101	-
U	3863271	3863281	3R	300103	300113	-
U	3863260	3863270	3R	300115	300125	-
U	3863237	3863259	3R	300127	300149	-
U	3863213	3863235	3R	300150	300172	-
U	3863189	3863211	3R	300173	300195	-
U	3863177	3863187	3R	300196	300206	-
U	3863165	3863175	3R	300207	300217	-
U	3863141	3863163	3R	300218	300240	-
U	3863102	3863139	3R	300241	300278	-
U	3863100	3863101	3R	300281	300282	-
U	3863084	3863099	3R	300292	300307	-
U	3863059	3863083	3R	300309	300333	-
U	3863047	3863058	3R	300335	300346	-
U	3863045	3863046	3R	300352	300353	-
U	3863043	3863044	3R	300363	300364	-
U	3863027	3863042	3R	300374	300389	-
U	3863016	3863026	3R	300391	300401	-
U	3863005	3863015	3R	300403	300413	-
U	3862994	3863004	3R	300415	300425	-
U	3862983	3862993	3R	300427	300437	-
U	3862912	3862981	3R	300438	300507	-
U	3862903	3862911	3R	300509	300517	-
U	3862892	3862902	3R	300519	300529	-
U	3862855	3862890	3R	300530	300565	-
U	3862852	3862854	3R	300572	300574	-
U	3862780	3862851	3R	300581	300652	-
U	3862779	3862779	3R	300655	300655	-
U	3862742	3862778	3R	300677	300713	-
U	3862719	3862741	3R	300715	300737	-
U	3862640	3862718	3R	300739	300817	-
U	3862618	3862639	3R	300819	300840	-
U	3862606	3862616	3R	300841	300851	-
U	3862594	3862604	3R	300852	300862	-
U	3862428	3862593	3R	300874	301039	-
U	3862405	3862427	3R	301041	301063	-
U	3862375	3862404	3R	301076	301105	-
U	3862340	3862374	3R	301107	301141	-
U	3862318	3862338	3R	301142	301162	-
U	3862307	3862317	3R	301164	301174	-
U	3862296	3862306	3R	301176	301186	-
U	3862274	3862295	3R	301188	301209	-
U	3862256	3862272	3R	301210	301226	-
U	3862250	3862254	3R	301227	301231	-
U	3862199	3862248	3R	301232	301281	-
U	3862193	3862197	3R	301282	301286	-
U	3862169	3862191	3R	301287	301309	-
U	3861973	3862167	3R	301310	301504	-
U	3861967	3861972	3R	301506	301511	-
U	3861939	3861955	3R	301512	301528	-
U	3861929	3861938	3R	301530	301539	-
U	3861904	3861928	3R	301541	301565	-
U	3861895	3861903	3R	301567	301575	-
U	3861872	3861894	3R	301577	301599	-
U	3861803	3861871	3R	301601	301669	-
U	3861794	3861802	3R	301671	301679	-
U	3861786	3861792	3R	301680	301686	-
U	3861736	3861785	3R	301698	301747	-
U	3861713	3861734	3R	301748	301769	-
U	3861678	3861712	3R	301771	301805	-
U	3861646	3861677	3R	301819	301850	-
U	3861638	3861645	3R	301856	301863	-
U	3861627	3861637	3R	301865	301875	-
U	3861604	3861626	3R	301877	301899	-
U	3861593	3861603	3R	301901	301911	-
U	3861557	3861592	3R	301913	301948	-
U	3861316	3861556	3R	301950	302190	-
U	3860953	3861304	3R	302191	302542	-
U	3860853	3860951	3R	302543	302641	-
U	3860844	3860852	3R	302643	302651	-
U	3881833	3882652	3R	3972963	3973782	-
U	3878397	3881831	3R	3973783	3977217	-
U	3872550	3873276	3R	3982003	3982729	-
U	3868532	3871997	3R	3983183	3986648	-
U	3867971	3868477	3R	3986649	3987155	-
U	3883137	3896317	3R	689317	702497	+
U	3896318	3897089	3R	702499	703270	+
U	3897090	3898063	3R	703272	704245	+
U	3898064	3898092	3R	704247	704275	+
U	3913045	3913052	3R	327525	327532	-
U	3913032	3913042	3R	327533	327543	-
U	3913010	3913031	3R	327545	327566	-
U	3912894	3913009	3R	327568	327683	-
U	3912701	3912892	3R	327684	327875	-
U	3912665	3912699	3R	327876	327910	-
U	3912662	3912664	3R	327917	327919	-
U	3912641	3912661	3R	327923	327943	-
U	3912611	3912640	3R	327945	327974	-
U	3912606	3912610	3R	327986	327990	-
U	3912596	3912605	3R	327992	328001	-
U	3912513	3912595	3R	328004	328086	-
U	3912503	3912512	3R	328088	328097	-
U	3912481	3912502	3R	328099	328120	-
U	3912470	3912479	3R	328121	328130	-
U	3912469	3912469	3R	328135	328135	-
U	3912467	3912468	3R	328137	328138	-
U	3912444	3912466	3R	328144	328166	-
U	3912433	3912443	3R	328168	328178	-
U	3912410	3912431	3R	328179	328200	-
U	3912361	3912408	3R	328201	328248	-
U	3912360	3912360	3R	328254	328254	-
U	3912253	3912359	3R	328259	328365	-
U	3912244	3912252	3R	328367	328375	-
U	3912218	3912242	3R	328376	328400	-
U	3912208	3912217	3R	328402	328411	-
U	3912150	3912207	3R	328414	328471	-
U	3912031	3912149	3R	328473	328591	-
U	3912008	3912030	3R	328593	328615	-
U	3911996	3912007	3R	328617	328628	-
U	3911985	3911995	3R	328630	328640	-
U	3911950	3911984	3R	328642	328676	-
U	3911928	3911949	3R	328678	328699	-
U	3911916	3911927	3R	328701	328712	-
U	3907337	3911914	3R	328713	333290	-
U	3902226	3902243	3R	337394	337411	-
U	3899382	3902225	3R	337413	340256	-
U	3898193	3899222	3R	340504	341533	-
U	3956408	3956413	3R	529340	529345	-
U	4196364	4197295	3R	1641699	1642630	-
U	4183771	4196363	3R	1642632	1655224	-
U	4859853	4865825	3R	228152	234124	+
U	4865827	4865968	3R	234125	234266	+
U	4865969	4865975	3R	234268	234274	+
U	4868134	4870184	3R	235722	237772	+
U	4870186	4873435	3R	237773	241022	+
U	4873436	4873505	3R	241024	241093	+
U	4876659	4879560	3R	243673	246574	+
U	4879561	4880110	3R	271901	272450	+
U	4865996	4866887	3R	247184	248075	+
U	4866889	4866910	3R	248076	248097	+
U	4866911	4866921	3R	248099	248109	+
U	4866922	4866968	3R	248111	248157	+
U	4866969	4866979	3R	248159	248169	+
U	4866980	4866990	3R	248171	248181	+
U	4866991	4867001	3R	248183	248193	+
U	4867002	4867024	3R	248195	248217	+
U	4867025	4867046	3R	248219	248240	+
U	4867047	4867057	3R	248242	248252	+
U	4867059	4867104	3R	248253	248298	+
U	4867105	4867138	3R	248300	248333	+
U	4867139	4867185	3R	248345	248391	+
U	4867187	4867220	3R	248392	248425	+
U	4867221	4867242	3R	248427	248448	+
U	4867243	4867276	3R	248450	248483	+
U	4867277	4867288	3R	248485	248496	+
U	4867289	4867358	3R	248508	248577	+
U	4867360	4867368	3R	248578	248586	+
U	5635827	5637882	3R	3220768	3222823	+
U	5637884	5641512	3R	3222824	3226452	+
U	5641516	5641982	3R	3226453	3226919	+
U	5672782	5672792	3R	360314	360324	+
U	5672793	5672803	3R	360326	360336	+
U	5672804	5678456	3R	360338	365990	+
U	5815877	5821142	3R	1111502	1116767	+
U	5923415	5928243	3R	668664	673492	+
U	5943069	5943086	3R	725062	725079	+
U	5943087	5943738	3R	725081	725732	+
U	5943740	5943745	3R	725733	725738	+
U	5943747	5943796	3R	725739	725788	+
U	5943798	5947857	3R	725789	729848	+
U	6097757	6099366	3R	273533	275142	-
U	6097711	6097755	3R	275144	275188	-
U	6097606	6097709	3R	275190	275293	-
U	6097206	6097227	3R	270364	270385	-
U	6097160	6097204	3R	270386	270430	-
U	6097136	6097158	3R	270431	270453	-
U	6097126	6097134	3R	270454	270462	-
U	6097110	6097125	3R	270464	270479	-
U	6097067	6097108	3R	270480	270521	-
U	6097056	6097066	3R	270523	270533	-
U	6097047	6097055	3R	270535	270543	-
U	6097045	6097045	3R	270544	270544	-
U	6097033	6097043	3R	270546	270556	-
U	6097023	6097031	3R	270557	270565	-
U	6097021	6097021	3R	270566	270566	-
U	6097009	6097019	3R	270568	270578	-
U	6096997	6097007	3R	270580	270590	-
U	6096987	6096995	3R	270592	270600	-
U	6096985	6096985	3R	270601	270601	-
U	6096973	6096983	3R	270603	270613	-
U	6096963	6096971	3R	270614	270622	-
U	6096949	6096961	3R	270623	270635	-
U	6096925	6096947	3R	270636	270658	-
U	6096913	6096923	3R	270659	270669	-
U	6096901	6096911	3R	270670	270680	-
U	6096880	6096900	3R	270682	270702	-
U	6096875	6096879	3R	270704	270708	-
U	6096665	6096873	3R	270709	270917	-
U	6096662	6096664	3R	270919	270921	-
U	6096657	6096660	3R	270922	270925	-
U	6096642	6096655	3R	270927	270940	-
U	6096634	6096636	3R	270946	270948	-
U	6096627	6096628	3R	270954	270955	-
U	6096621	6096625	3R	270957	270961	-
U	6096611	6096620	3R	270963	270972	-
U	6096357	6096609	3R	270974	271226	-
U	6095989	6096355	3R	271228	271594	-
U	6100283	6100310	3R	275445	275472	-
U	6100272	6100282	3R	275474	275484	-
U	6100249	6100270	3R	275485	275506	-
U	6100209	6100248	3R	275508	275547	-
U	6100157	6100208	3R	275558	275609	-
U	6100145	6100155	3R	275610	275620	-
U	6100134	6100144	3R	275622	275632	-
U	6100099	6100132	3R	275633	275666	-
U	6100076	6100098	3R	275668	275690	-
U	6100070	6100075	3R	275692	275697	-
U	6100044	6100068	3R	275698	275722	-
U	6099985	6100042	3R	275723	275780	-
U	6099974	6099984	3R	275782	275792	-
U	6099963	6099973	3R	275794	275804	-
U	6099952	6099962	3R	275806	275816	-
U	6099941	6099951	3R	275818	275828	-
U	6099930	6099940	3R	275830	275840	-
U	6099919	6099929	3R	275842	275852	-
U	6099896	6099918	3R	275854	275876	-
U	6099861	6099895	3R	275878	275912	-
U	6099807	6099860	3R	275914	275967	-
U	6099737	6099805	3R	275968	276036	-
U	6099685	6099735	3R	276037	276087	-
U	6099657	6099683	3R	276088	276114	-
U	6099621	6099655	3R	276115	276149	-
U	6099609	6099619	3R	276150	276160	-
U	6099600	6099607	3R	276161	276168	-
U	6099594	6099599	3R	276170	276175	-
U	6099585	6099592	3R	276176	276183	-
U	6099582	6099584	3R	276189	276191	-
U	6099580	6099581	3R	276197	276198	-
U	6099565	6099579	3R	276200	276214	-
U	6099507	6099564	3R	276216	276273	-
U	6099495	6099505	3R	276274	276284	-
U	6099483	6099493	3R	276285	276295	-
U	6099387	6099481	3R	276296	276390	-
U	6099367	6099385	3R	276391	276409	-
U	6166332	6166845	3R	384689	385202	+
U	6193250	6194926	3R	673493	675169	-
U	6191411	6193248	3R	675170	677007	-
U	6191366	6191410	3R	677009	677053	-
U	6195577	6199117	3R	665123	668663	+
U	6314200	6317999	3R	504826	508625	+
U	6318001	6318071	3R	508626	508696	+
U	6664266	6667524	3R	3101545	3104803	+
U	7104806	7104821	3R	3293543	3293558	+
U	7104822	7104830	3R	3293560	3293568	+
U	7104831	7107459	3R	3293570	3296198	+
U	7107462	7107598	3R	3296199	3296335	+
U	7382490	7383127	3R	393104	393741	+
U	7383919	7385010	3R	394670	395761	+
U	7421382	7421464	3R	3104951	3105033	-
U	7420594	7421381	3R	3105035	3105822	-
U	7666621	7666632	3R	730518	730529	+
U	7666633	7668278	3R	730531	732176	+
U	7668279	7668344	3R	732207	732272	+
U	7668345	7668864	3R	732274	732793	+
U	7668865	7668888	3R	732795	732818	+
U	7788810	7789419	3R	3662062	3662671	+
U	7789420	7789423	3R	3662697	3662700	+
U	7790416	7790943	3R	3663700	3664227	+
U	7907279	7907792	3R	201399	201912	+
U	8463715	8463752	3R	1766541	1766578	+
U	8721407	8722188	3R	621091	621872	+
U	9123483	9124678	3R	2049883	2051078	-
U	9249071	9250235	3R	3422398	3423562	+
U	9292335	9293100	3R	2048156	2048921	+
U	9291944	9292334	3R	2055795	2056185	+
U	9389272	9389831	3R	3815903	3816462	+
U	9468008	9468438	3R	1764082	1764512	+
U	9468439	9468443	3R	1764517	1764521	+
U	9468444	9468444	3R	1764524	1764524	+
U	9468445	9468613	3R	1764527	1764695	+
U	9468614	9468638	3R	1764723	1764747	+
U	9468639	9468774	3R	1764757	1764892	+
U	9468775	9469130	3R	1764894	1765249	+
U	2291703	2293359	3R	276410	278066	-
U	2285871	2291499	3R	278339	283967	-
U	2285839	2285869	3R	283968	283998	-
U	2291634	2291702	3R	252591	252659	-
U	2291600	2291633	3R	252661	252694	-
U	2291578	2291599	3R	252696	252717	-
U	2291576	2291577	3R	252719	252720	-
U	2291556	2291566	3R	252730	252740	-
U	2291534	2291555	3R	252742	252763	-
U	2291516	2291533	3R	252765	252782	-
U	3505066	3505096	3R	201913	201943	-
U	3505054	3505064	3R	201944	201954	-
U	3505042	3505052	3R	201955	201965	-
U	3505030	3505040	3R	201966	201976	-
U	3504995	3505028	3R	201977	202010	-
U	3504984	3504994	3R	202012	202022	-
U	3504973	3504983	3R	202024	202034	-
U	3504951	3504972	3R	202036	202057	-
U	3504749	3504950	3R	202059	202260	-
U	3504744	3504748	3R	202262	202266	-
U	3504734	3504737	3R	202267	202270	-
U	3504716	3504730	3R	202271	202285	-
U	3504702	3504715	3R	202287	202300	-
U	3504693	3504700	3R	202301	202308	-
U	3504658	3504692	3R	202310	202344	-
U	3504647	3504657	3R	202346	202356	-
U	3504636	3504646	3R	202358	202368	-
U	3504625	3504635	3R	202370	202380	-
U	3504602	3504624	3R	202382	202404	-
U	3504591	3504601	3R	202406	202416	-
U	3504580	3504590	3R	202418	202428	-
U	3500034	3504579	3R	202430	206975	-
U	3496998	3497008	3R	210774	210784	-
U	3496859	3496997	3R	210786	210924	-
U	3496848	3496858	3R	210926	210936	-
U	3496842	3496847	3R	210938	210943	-
U	3496840	3496841	3R	210950	210951	-
U	3496772	3496839	3R	210957	211024	-
U	3496749	3496770	3R	211025	211046	-
U	3496736	3496747	3R	211047	211058	-
U	3496724	3496734	3R	211059	211069	-
U	3496688	3496722	3R	211070	211104	-
U	3496640	3496686	3R	211105	211151	-
U	3496584	3496639	3R	211153	211208	-
U	3496550	3496582	3R	211209	211241	-
U	3496538	3496548	3R	211242	211252	-
U	3496517	3496536	3R	211253	211272	-
U	3496459	3496515	3R	211273	211329	-
U	3496434	3496457	3R	211330	211353	-
U	3496411	3496432	3R	211354	211375	-
U	3496345	3496410	3R	211377	211442	-
U	3496334	3496344	3R	211444	211454	-
U	3496324	3496333	3R	211456	211465	-
U	3496276	3496323	3R	211467	211514	-
U	3496266	3496274	3R	211515	211523	-
U	3496196	3496265	3R	211525	211594	-
U	3496185	3496195	3R	211596	211606	-
U	3496152	3496184	3R	211608	211640	-
U	3496129	3496151	3R	211642	211664	-
U	3496118	3496128	3R	211666	211676	-
U	3496107	3496117	3R	211678	211688	-
U	3496091	3496106	3R	211690	211705	-
U	3496074	3496090	3R	211707	211723	-
U	3496017	3496072	3R	211724	211779	-
U	3495985	3496016	3R	211781	211812	-
U	3495972	3495984	3R	211814	211826	-
U	3495961	3495971	3R	211828	211838	-
U	3495928	3495960	3R	211840	211872	-
U	3495916	3495926	3R	211873	211883	-
U	3495902	3495914	3R	211884	211896	-
U	3495895	3495896	3R	211897	211898	-
U	3495870	3495888	3R	211899	211917	-
U	3495858	3495868	3R	211918	211928	-
U	3495852	3495856	3R	211929	211933	-
U	3495846	3495850	3R	211934	211938	-
U	3495835	3495845	3R	211940	211950	-
U	3495823	3495833	3R	211951	211961	-
U	3495813	3495821	3R	211962	211970	-
U	3495807	3495808	3R	211971	211972	-
U	3495802	3495804	3R	211973	211975	-
U	3495792	3495800	3R	211976	211984	-
U	3495776	3495780	3R	211985	211989	-
U	3495718	3495774	3R	211990	212046	-
U	3495706	3495716	3R	212047	212057	-
U	3495696	3495704	3R	212058	212066	-
U	3495682	3495694	3R	212067	212079	-
U	3495672	3495680	3R	212080	212088	-
U	3495661	3495661	3R	212089	212089	-
U	3495603	3495658	3R	212090	212145	-
U	3495591	3495601	3R	212146	212156	-
U	3495544	3495589	3R	212157	212202	-
U	3495532	3495542	3R	212203	212213	-
U	3495509	3495530	3R	212214	212235	-
U	3495405	3495508	3R	212237	212340	-
U	3495403	3495403	3R	212341	212341	-
U	3495382	3495397	3R	212342	212357	-
U	3495370	3495381	3R	212359	212370	-
U	3495358	3495368	3R	212371	212381	-
U	3495347	3495357	3R	212383	212393	-
U	3495324	3495346	3R	212395	212417	-
U	3495258	3495323	3R	212419	212484	-
U	3495247	3495257	3R	212486	212496	-
U	3495236	3495246	3R	212498	212508	-
U	3495192	3495235	3R	212510	212553	-
U	3495180	3495190	3R	212554	212564	-
U	3495135	3495178	3R	212565	212608	-
U	3495101	3495133	3R	212609	212641	-
U	3495023	3495099	3R	212642	212718	-
U	3495020	3495022	3R	212720	212722	-
U	3495013	3495018	3R	212723	212728	-
U	3494978	3495011	3R	212729	212762	-
U	3494966	3494976	3R	212763	212773	-
U	3494862	3494964	3R	212774	212876	-
U	3494850	3494860	3R	212877	212887	-
U	3494805	3494849	3R	212898	212942	-
U	3494783	3494804	3R	212944	212965	-
U	3494772	3494782	3R	212967	212977	-
U	3494761	3494771	3R	212979	212989	-
U	3494739	3494760	3R	212991	213012	-
U	3494728	3494738	3R	213014	213024	-
U	3494651	3494727	3R	213026	213102	-
U	3494636	3494650	3R	213104	213118	-
U	3494607	3494635	3R	213120	213148	-
U	3494573	3494605	3R	213149	213181	-
U	3494563	3494571	3R	213182	213190	-
U	3494538	3494561	3R	213191	213214	-
U	3494514	3494537	3R	213216	213239	-
U	3494510	3494512	3R	213240	213242	-
U	3494461	3494509	3R	213244	213292	-
U	3494453	3494460	3R	213294	213301	-
U	3494438	3494452	3R	213304	213318	-
U	3494404	3494437	3R	213320	213353	-
U	3494391	3494403	3R	213355	213367	-
U	3494381	3494389	3R	213368	213376	-
U	3494369	3494379	3R	213377	213387	-
U	3494346	3494367	3R	213388	213409	-
U	3494311	3494344	3R	213410	213443	-
U	3494305	3494310	3R	213445	213450	-
U	3494210	3494303	3R	213451	213544	-
U	3494199	3494209	3R	213546	213556	-
U	3494188	3494198	3R	213558	213568	-
U	3494177	3494187	3R	213570	213580	-
U	3494132	3494176	3R	213582	213626	-
U	3494121	3494131	3R	213628	213638	-
U	3494099	3494120	3R	213640	213661	-
U	3494065	3494097	3R	213662	213694	-
U	3494057	3494063	3R	213695	213701	-
U	3494007	3494054	3R	213702	213749	-
U	3493949	3494005	3R	213750	213806	-
U	3493915	3493948	3R	213808	213841	-
U	3493908	3493913	3R	213842	213847	-
U	3493860	3493907	3R	213849	213896	-
U	3493848	3493858	3R	213897	213907	-
U	3493814	3493846	3R	213908	213940	-
U	3493802	3493812	3R	213941	213951	-
U	3493790	3493800	3R	213952	213962	-
U	3493774	3493788	3R	213963	213977	-
U	3493733	3493772	3R	213978	214017	-
U	3493721	3493731	3R	214018	214028	-
U	3493716	3493719	3R	214029	214032	-
U	3493697	3493704	3R	214033	214040	-
U	3493686	3493696	3R	214042	214052	-
U	3493636	3493685	3R	214054	214103	-
U	3493576	3493634	3R	214104	214162	-
U	3493568	3493569	3R	214163	214164	-
U	3493552	3493562	3R	214165	214175	-
U	3493540	3493550	3R	214176	214186	-
U	3493517	3493538	3R	214187	214208	-
U	3493495	3493516	3R	214210	214231	-
U	3493484	3493494	3R	214233	214243	-
U	3493473	3493483	3R	214245	214255	-
U	3493451	3493472	3R	214257	214278	-
U	3493441	3493450	3R	214280	214289	-
U	3493429	3493440	3R	214291	214302	-
U	3493418	3493428	3R	214304	214314	-
U	3493385	3493417	3R	214316	214348	-
U	3493381	3493383	3R	214349	214351	-
U	3493352	3493380	3R	214353	214381	-
U	3493341	3493350	3R	214382	214391	-
U	3493318	3493340	3R	214393	214415	-
U	3493306	3493316	3R	214416	214426	-
U	3493195	3493304	3R	214427	214536	-
U	3493184	3493194	3R	214538	214548	-
U	3493146	3493182	3R	214549	214585	-
U	3493138	3493145	3R	214597	214604	-
U	3493068	3493137	3R	214606	214675	-
U	3493052	3493066	3R	214676	214690	-
U	3493049	3493050	3R	214691	214692	-
U	3493034	3493048	3R	214694	214708	-
U	3492977	3493033	3R	214710	214766	-
U	3492966	3492976	3R	214768	214778	-
U	3492954	3492964	3R	214779	214789	-
U	3492821	3492953	3R	214791	214923	-
U	3492810	3492819	3R	214924	214933	-
U	3492809	3492809	3R	214935	214935	-
U	3492792	3492808	3R	214937	214953	-
U	3492765	3492791	3R	214966	214992	-
U	3492730	3492764	3R	214994	215028	-
U	3492706	3492728	3R	215029	215051	-
U	3492705	3492705	3R	215054	215054	-
U	3492700	3492704	3R	215059	215063	-
U	3492694	3492699	3R	215071	215076	-
U	3492592	3492693	3R	215088	215189	-
U	3492587	3492590	3R	215190	215193	-
U	3492575	3492576	3R	215194	215195	-
U	3492546	3492573	3R	215196	215223	-
U	3492455	3492545	3R	215225	215315	-
U	3492424	3492454	3R	215327	215357	-
U	3492330	3492422	3R	215358	215450	-
U	3492306	3492329	3R	215452	215475	-
U	3492305	3492305	3R	215486	215486	-
U	3492244	3492304	3R	215488	215548	-
U	3492239	3492242	3R	215549	215552	-
U	3492225	3492237	3R	215553	215565	-
U	3492213	3492216	3R	215566	215569	-
U	3492191	3492208	3R	215570	215587	-
U	3492180	3492190	3R	215589	215599	-
U	3492158	3492179	3R	215601	215622	-
U	3492135	3492156	3R	215623	215644	-
U	3492025	3492122	3R	215645	215742	-
U	3492012	3492024	3R	215744	215756	-
U	3492005	3492011	3R	215758	215764	-
U	3491990	3492004	3R	215767	215781	-
U	3491980	3491989	3R	215783	215792	-
U	3491970	3491978	3R	215793	215801	-
U	3491967	3491969	3R	215804	215806	-
U	3491942	3491965	3R	215807	215830	-
U	3491932	3491940	3R	215831	215839	-
U	3491920	3491930	3R	215840	215850	-
U	3491908	3491918	3R	215851	215861	-
U	3491896	3491906	3R	215862	215872	-
U	3491875	3491894	3R	215873	215892	-
U	3491860	3491874	3R	215895	215909	-
U	3491857	3491859	3R	215915	215917	-
U	3491855	3491856	3R	215919	215920	-
U	3491839	3491854	3R	215926	215941	-
U	3491759	3491838	3R	215943	216022	-
U	3491747	3491757	3R	216023	216033	-
U	3491741	3491746	3R	216035	216040	-
U	3491692	3491739	3R	216041	216088	-
U	3491683	3491691	3R	216090	216098	-
U	3491659	3491682	3R	216100	216123	-
U	3491647	3491657	3R	216124	216134	-
U	3491639	3491642	3R	216135	216138	-
U	3491628	3491637	3R	216139	216148	-
U	3491593	3491623	3R	216149	216179	-
U	3491577	3491590	3R	216180	216193	-
U	3491565	3491575	3R	216194	216204	-
U	3491466	3491564	3R	216206	216304	-
U	3491427	3491463	3R	216305	216341	-
U	3491415	3491425	3R	216342	216352	-
U	3491370	3491413	3R	216353	216396	-
U	3491348	3491369	3R	216398	216419	-
U	3491326	3491346	3R	216420	216440	-
U	3491318	3491324	3R	216441	216447	-
U	3491258	3491317	3R	216449	216508	-
U	3491235	3491256	3R	216509	216530	-
U	3491228	3491234	3R	216532	216538	-
U	3491224	3491227	3R	216541	216544	-
U	3491200	3491222	3R	216545	216567	-
U	3491165	3491198	3R	216568	216601	-
U	3491159	3491164	3R	216603	216608	-
U	3491154	3491157	3R	216609	216612	-
U	3491142	3491152	3R	216613	216623	-
U	3491096	3491140	3R	216624	216668	-
U	3491085	3491095	3R	216670	216680	-
U	3491063	3491084	3R	216682	216703	-
U	3491030	3491061	3R	216704	216735	-
U	3491006	3491029	3R	216737	216760	-
U	3490995	3491005	3R	216762	216772	-
U	3490978	3490994	3R	216774	216790	-
U	3490973	3490977	3R	216792	216796	-
U	3490896	3490972	3R	216798	216874	-
U	3490874	3490895	3R	216876	216897	-
U	3490850	3490873	3R	216899	216922	-
U	3490819	3490849	3R	216924	216954	-
U	3490791	3490816	3R	216955	216980	-
U	3490782	3490790	3R	216982	216990	-
U	3490757	3490780	3R	216991	217014	-
U	3490750	3490755	3R	217015	217020	-
U	3490746	3490749	3R	217022	217025	-
U	3490738	3490745	3R	217027	217034	-
U	3490702	3490737	3R	217037	217072	-
U	3490690	3490701	3R	217074	217085	-
U	3490668	3490688	3R	217086	217106	-
U	3490653	3490667	3R	217108	217122	-
U	3490633	3490652	3R	217124	217143	-
U	3490538	3490631	3R	217144	217237	-
U	3490527	3490537	3R	217239	217249	-
U	3490516	3490526	3R	217251	217261	-
U	3490505	3490515	3R	217263	217273	-
U	3490494	3490504	3R	217275	217285	-
U	3490477	3490493	3R	217287	217303	-
U	3490475	3490475	3R	217304	217304	-
U	3490422	3490464	3R	217305	217347	-
U	3490390	3490409	3R	217348	217367	-
U	3490324	3490388	3R	217368	217432	-
U	3490319	3490321	3R	217433	217435	-
U	3490238	3490318	3R	217437	217517	-
U	3490196	3490236	3R	217518	217558	-
U	3490169	3490195	3R	217561	217587	-
U	3490145	3490167	3R	217588	217610	-
U	3490096	3490143	3R	217611	217658	-
U	3490085	3490095	3R	217670	217680	-
U	3490061	3490083	3R	217681	217703	-
U	3490013	3490059	3R	217704	217750	-
U	3490002	3490012	3R	217752	217762	-
U	3489991	3490001	3R	217764	217774	-
U	3489982	3489990	3R	217776	217784	-
U	3489979	3489980	3R	217785	217786	-
U	3489968	3489978	3R	217788	217798	-
U	3489957	3489967	3R	217800	217810	-
U	3489935	3489956	3R	217812	217833	-
U	3489923	3489933	3R	217834	217844	-
U	3489911	3489921	3R	217845	217855	-
U	3489888	3489909	3R	217856	217877	-
U	3489865	3489886	3R	217878	217899	-
U	3489853	3489863	3R	217900	217910	-
U	3489843	3489851	3R	217911	217919	-
U	3489819	3489842	3R	217921	217944	-
U	3489799	3489818	3R	217946	217965	-
U	3489794	3489796	3R	217966	217968	-
U	3489715	3489793	3R	217970	218048	-
U	3489701	3489713	3R	218049	218061	-
U	3489678	3489699	3R	218062	218083	-
U	3489671	3489677	3R	218085	218091	-
U	3489670	3489670	3R	218093	218093	-
U	3489668	3489669	3R	218095	218096	-
U	3489655	3489666	3R	218097	218108	-
U	3489644	3489654	3R	218110	218120	-
U	3489502	3489642	3R	218121	218261	-
U	3489436	3489501	3R	218263	218328	-
U	3489422	3489434	3R	218329	218341	-
U	3489398	3489420	3R	218342	218364	-
U	3489372	3489396	3R	218365	218389	-
U	3489362	3489370	3R	218390	218398	-
U	3489348	3489360	3R	218399	218411	-
U	3489327	3489336	3R	218412	218421	-
U	3489316	3489326	3R	218423	218433	-
U	3489305	3489315	3R	218435	218445	-
U	3489294	3489304	3R	218447	218457	-
U	3489284	3489293	3R	218459	218468	-
U	3489279	3489280	3R	218469	218470	-
U	3489239	3489271	3R	218471	218503	-
U	3489201	3489238	3R	218505	218542	-
U	3489197	3489200	3R	218544	218547	-
U	3489190	3489195	3R	218548	218553	-
U	3489134	3489188	3R	218554	218608	-
U	3489111	3489132	3R	218609	218630	-
U	3489100	3489110	3R	218632	218642	-
U	3489078	3489099	3R	218644	218665	-
U	3489067	3489077	3R	218667	218677	-
U	3488987	3489066	3R	218679	218758	-
U	3488980	3488980	3R	218759	218759	-
U	3488964	3488973	3R	218760	218769	-
U	3488956	3488956	3R	218770	218770	-
U	3488862	3488949	3R	218771	218858	-
U	3488851	3488861	3R	218860	218870	-
U	3488840	3488850	3R	218872	218882	-
U	3488829	3488839	3R	218884	218894	-
U	3488817	3488827	3R	218895	218905	-
U	3488805	3488815	3R	218906	218916	-
U	3488793	3488803	3R	218917	218927	-
U	3488744	3488791	3R	218928	218975	-
U	3488725	3488743	3R	218977	218995	-
U	3488634	3488724	3R	218997	219087	-
U	3488624	3488633	3R	219089	219098	-
U	3488600	3488623	3R	219100	219123	-
U	3488577	3488598	3R	219124	219145	-
U	3488565	3488575	3R	219146	219156	-
U	3488553	3488563	3R	219157	219167	-
U	3488541	3488551	3R	219168	219178	-
U	3488478	3488539	3R	219179	219240	-
U	3487312	3488477	3R	219242	220407	-
U	5603792	5604571	3R	712179	712958	+
U	5604572	5610033	3R	719413	724874	+
U	5610035	5610206	3R	724875	725046	+
U	3594528	3594536	Un_CP007072v1	14388	14396	+
U	3594537	3594635	Un_CP007072v1	14398	14496	+
U	3594637	3594725	Un_CP007072v1	14497	14585	+
U	3594727	3595473	Un_CP007072v1	14586	15332	+
U	3595476	3596462	Un_CP007072v1	15333	16319	+
U	3598528	3598988	Un_CP007072v1	16678	17138	+
U	3607399	3608640	Un_CP007072v1	31516	32757	+
U	3608642	3611383	Un_CP007072v1	32758	35499	+
U	3611385	3611442	Un_CP007072v1	35500	35557	+
U	3611444	3611454	Un_CP007072v1	35558	35568	+
U	3611456	3611545	Un_CP007072v1	35569	35658	+
U	3596484	3597876	Un_CP007072v1	11771	13163	+
U	3597897	3598527	Un_CP007072v1	11002	11632	+
U	3930763	3930915	Un_CP007072v1	17378	17530	-
U	3930757	3930762	Un_CP007072v1	17533	17538	-
U	3930733	3930755	Un_CP007072v1	17539	17561	-
U	3930730	3930731	Un_CP007072v1	17562	17563	-
U	3930671	3930727	Un_CP007072v1	17564	17620	-
U	3930636	3930670	Un_CP007072v1	17622	17656	-
U	3930396	3930635	Un_CP007072v1	17658	17897	-
U	3930373	3930395	Un_CP007072v1	17899	17921	-
U	3930125	3930371	Un_CP007072v1	17922	18168	-
U	3930003	3930124	Un_CP007072v1	18170	18291	-
U	3929982	3930002	Un_CP007072v1	18306	18326	-
U	3929827	3929980	Un_CP007072v1	18327	18480	-
U	3929603	3929822	Un_CP007072v1	18481	18700	-
U	3929536	3929602	Un_CP007072v1	18702	18768	-
U	3929039	3929534	Un_CP007072v1	18769	19264	-
U	3928740	3929037	Un_CP007072v1	19265	19562	-
U	3928120	3928739	Un_CP007072v1	19565	20184	-
U	9082350	9083018	Un_CP007072v1	23989	24657	-
U	9082339	9082348	Un_CP007072v1	24658	24667	-
U	9082276	9082337	Un_CP007072v1	24668	24729	-
U	9082079	9082274	Un_CP007072v1	24730	24925	-
U	9082058	9082078	Un_CP007072v1	24927	24947	-
U	9081811	9082057	Un_CP007072v1	24949	25195	-
U	9865078	9865312	Un_CP007072v1	22596	22830	-
U	9864962	9865077	Un_CP007072v1	22832	22947	-
U	6694406	6695715	Un_DS484017v1	1	1310	+
U	6695884	6696836	Un_DS484017v1	1479	2431	+
U	6696857	6697632	Un_DS484017v1	2452	3227	+
U	5506887	5510313	4	1	3427	+
U	3563190	3576940	3L	25550249	25563999	-
U	3560900	3561374	3L	25566404	25566878	-
U	3559407	3560779	3L	25566999	25568371	-
U	3560780	3560899	3L	25582219	25582338	-
U	3611646	3611649	3L	28051008	28051011	+
U	3611650	3618159	3L	28051013	28057522	+
U	3618161	3618173	3L	28057523	28057535	+
U	3618175	3618339	3L	28057536	28057700	+
U	3622289	3622404	3L	28061691	28061806	+
U	3622405	3627321	3L	28061810	28066726	+
U	3627323	3628575	3L	28066727	28067979	+
U	3987076	3987080	3L	27596715	27596719	+
U	3987081	3987822	3L	27596721	27597462	+
U	3987823	3991820	3L	27597465	27601462	+
U	3998679	3999542	3L	27609023	27609886	+
U	3999543	3999835	3L	27475550	27475842	+
U	3999837	4001488	3L	27475843	27477494	+
U	4785450	4785502	3L	24622195	24622247	+
U	4785504	4785766	3L	24622248	24622510	+
U	4785769	4786006	3L	24622511	24622748	+
U	4786011	4786062	3L	24622749	24622800	+
U	4786063	4786071	3L	24622802	24622810	+
U	4786075	4786473	3L	24622811	24623209	+
U	4786475	4786485	3L	24623210	24623220	+
U	4786491	4793838	3L	24623221	24630568	+
U	4793840	4793842	3L	24630569	24630571	+
U	4793843	4793915	3L	24630573	24630645	+
U	4793916	4793961	3L	24630647	24630692	+
U	4793963	4794047	3L	24630693	24630777	+
U	4794048	4794064	3L	24630779	24630795	+
U	4794065	4794103	3L	24630797	24630835	+
U	4794117	4794118	3L	24630836	24630837	+
U	4794123	4794335	3L	24630838	24631050	+
U	4794336	4794366	3L	24631053	24631083	+
U	4794370	4794391	3L	24631084	24631105	+
U	4794392	4794407	3L	24631107	24631122	+
U	4794408	4794492	3L	24631124	24631208	+
U	4794493	4794518	3L	24631251	24631276	+
U	4794519	4794583	3L	24631278	24631342	+
U	4794584	4794698	3L	24631344	24631458	+
U	4794699	4794714	3L	24631460	24631475	+
U	4794715	4794718	3L	24631477	24631480	+
U	4794719	4794777	3L	24631482	24631540	+
U	4794778	4794795	3L	24631543	24631560	+
U	4794796	4794799	3L	24631596	24631599	+
U	4794800	4794877	3L	24631607	24631684	+
U	4794880	4794884	3L	24631685	24631689	+
U	4794885	4794885	3L	24631691	24631691	+
U	4794886	4794950	3L	24631693	24631757	+
U	4794951	4795005	3L	24631759	24631813	+
U	4795006	4795021	3L	24631815	24631830	+
U	4795022	4795299	3L	24631832	24632109	+
U	4795300	4795354	3L	24632111	24632165	+
U	4795355	4795370	3L	24632167	24632182	+
U	4795371	4795374	3L	24632184	24632187	+
U	4795375	4795434	3L	24632189	24632248	+
U	4795435	4795461	3L	24632250	24632276	+
U	4795463	4795671	3L	24632277	24632485	+
U	4795672	4795725	3L	24632490	24632543	+
U	4795727	4795733	3L	24632544	24632550	+
U	4795734	4795758	3L	24632554	24632578	+
U	4795776	4795903	3L	24632579	24632706	+
U	4795904	4796195	3L	24632708	24632999	+
U	4796197	4796199	3L	24633000	24633002	+
U	4796200	4796273	3L	24633004	24633077	+
U	4796274	4796342	3L	24633080	24633148	+
U	4796343	4796364	3L	24633150	24633171	+
U	4796365	4796408	3L	24633176	24633219	+
U	4796410	4796456	3L	24633220	24633266	+
U	4796470	4796470	3L	24633267	24633267	+
U	4796475	4796606	3L	24633268	24633399	+
U	4796607	4796689	3L	24633401	24633483	+
U	4796690	4796744	3L	24633485	24633539	+
U	4796745	4796760	3L	24633541	24633556	+
U	4796761	4796891	3L	24633558	24633688	+
U	4796893	4796897	3L	24633689	24633693	+
U	4796898	4796907	3L	24633695	24633704	+
U	4796909	4797177	3L	24633705	24633973	+
U	4797178	4797220	3L	24633976	24634018	+
U	4797221	4797412	3L	24634022	24634213	+
U	4797413	4797466	3L	24634218	24634271	+
U	4797468	4797474	3L	24634272	24634278	+
U	4797475	4797499	3L	24634282	24634306	+
U	4797517	4797651	3L	24634307	24634441	+
U	4797652	4797790	3L	24634443	24634581	+
U	4797791	4797806	3L	24634583	24634598	+
U	4797807	4798084	3L	24634600	24634877	+
U	4798085	4798089	3L	24634879	24634883	+
U	4803029	4803034	3L	24602392	24602397	+
U	4803036	4803057	3L	24602398	24602419	+
U	4803062	4803106	3L	24602420	24602464	+
U	4803107	4803261	3L	24602466	24602620	+
U	4803262	4803265	3L	24602630	24602633	+
U	4803266	4803340	3L	24602635	24602709	+
U	4803342	4803377	3L	24602710	24602745	+
U	4803378	4807888	3L	24602747	24607257	+
U	4812693	4812696	3L	24611927	24611930	+
U	4812698	4812707	3L	24611931	24611940	+
U	4812708	4812756	3L	24611942	24611990	+
U	4812758	4812793	3L	24611991	24612026	+
U	4812794	4812852	3L	24612028	24612086	+
U	4812853	4812856	3L	24612088	24612091	+
U	4812857	4812970	3L	24612094	24612207	+
U	4812974	4813026	3L	24612208	24612260	+
U	4813028	4813121	3L	24612261	24612354	+
U	4813122	4813124	3L	24612356	24612358	+
U	4813126	4813166	3L	24612359	24612399	+
U	4813171	4813232	3L	24612400	24612461	+
U	4813236	4813405	3L	24612462	24612631	+
U	4813407	4813466	3L	24612632	24612691	+
U	4813468	4813480	3L	24612692	24612704	+
U	4813481	4813485	3L	24612706	24612710	+
U	4813487	4813497	3L	24612711	24612721	+
U	4813499	4813520	3L	24612722	24612743	+
U	4813525	4813782	3L	24612744	24613001	+
U	4813783	4813792	3L	24613020	24613029	+
U	4813793	4813854	3L	24613031	24613092	+
U	4813855	4813906	3L	24613097	24613148	+
U	4813908	4813916	3L	24613149	24613157	+
U	4813917	4813941	3L	24613161	24613185	+
U	4813959	4814086	3L	24613186	24613313	+
U	4814087	4814140	3L	24613315	24613368	+
U	4814142	4814426	3L	24613369	24613653	+
U	4814427	4814429	3L	24613655	24613657	+
U	4814431	4814833	3L	24613658	24614060	+
U	4814834	4815228	3L	24614063	24614457	+
U	4815232	4815417	3L	24614458	24614643	+
U	4815421	4815426	3L	24614644	24614649	+
U	4815428	4815611	3L	24614650	24614833	+
U	4815616	4815677	3L	24614834	24614895	+
U	4815681	4815770	3L	24614896	24614985	+
U	4815771	4815776	3L	24614989	24614994	+
U	4815777	4815777	3L	24614996	24614996	+
U	4815778	4815846	3L	24614998	24615066	+
U	4815848	4815937	3L	24615067	24615156	+
U	4815939	4816022	3L	24615157	24615240	+
U	4816023	4818025	3L	24615244	24617246	+
U	5628204	5629433	3L	27482892	27484121	-
U	5684954	5688204	3L	25571112	25574362	+
U	5977065	5980565	3L	26083875	26087375	+
U	5980567	5981656	3L	26087376	26088465	+
U	5981657	5981728	3L	26106239	26106310	+
U	6082628	6083612	3L	24655630	24656614	+
U	6083613	6086991	3L	24656616	24659994	+
U	6361334	6363957	3L	27498903	27501526	+
U	6363976	6365107	3L	27501545	27502676	+
U	6571371	6571670	3L	26194328	26194627	+
U	6571671	6574776	3L	26194629	26197734	+
U	7303288	7305353	3L	26197735	26199800	-
U	7303281	7303287	3L	26189367	26189373	-
U	7482896	7483039	3L	27445795	27445938	+
U	7483040	7485154	3L	27511815	27513929	+
U	7482732	7482895	3L	27511507	27511670	+
U	7505397	7506362	3L	27446427	27447392	+
U	7506388	7507575	3L	27447418	27448605	+
U	7507576	7507808	3L	27601482	27601714	+
U	7506363	7506387	3L	27585438	27585462	+
U	7574843	7576689	3L	27790724	27792570	+
U	7576694	7577193	3L	27792575	27793074	+
U	7577194	7577198	3L	27793076	27793080	+
U	8426561	8427073	3L	26416325	26416837	-
U	8426560	8426560	3L	26416839	26416839	-
U	8426433	8426559	3L	26416841	26416967	-
U	8426417	8426431	3L	26416968	26416982	-
U	8645087	8646463	3L	27935454	27936830	+
U	8769235	8770544	3L	27766370	27767679	-
U	9052978	9054054	3L	25037763	25038839	+
U	9054056	9054192	3L	25038840	25038976	+
U	9243155	9243907	3L	27888290	27889042	-
U	9439828	9440955	3L	26108508	26109635	+
U	9523972	9524399	3L	27627903	27628330	+
U	9524400	9524456	3L	27628333	27628389	+
U	9524457	9524553	3L	27628393	27628489	+
U	9524558	9524864	3L	27628490	27628796	+
U	9524866	9524949	3L	27628797	27628880	+
U	9524951	9525082	3L	27628881	27629012	+
U	9566260	9567322	3L	24647745	24648807	-
U	9566221	9566259	3L	24648809	24648847	-
U	9628185	9628216	3L	27435478	27435509	-
U	9627130	9628184	3L	27435511	27436565	-
U	9939000	9939560	3L	27700815	27701375	+
U	9939562	9940022	3L	27701376	27701836	+
U	10030397	10031400	3L	27109290	27110293	+
U	7431669	7431767	3L	27009480	27009578	-
U	7429293	7431667	3L	27009579	27011953	-
U	2050545	2050764	3L	25382234	25382453	+
U	2050765	2051852	3L	25382456	25383543	+
U	2051853	2056715	3L	25383559	25388421	+
U	2056717	2056718	3L	25388422	25388423	+
U	2056720	2097753	3L	25388424	25429457	+
U	852756	900714	Y	2005035	2052993	-
U	849770	852755	Y	2052995	2055980	-
U	849397	849769	Y	2055983	2056355	-
U	815792	839474	Y	2063264	2086946	-
U	649596	650579	Y	2311155	2312138	-
U	649581	649595	Y	2312140	2312154	-
U	649574	649580	Y	2312156	2312162	-
U	649569	649573	Y	2312164	2312168	-
U	649555	649568	Y	2312170	2312183	-
U	649545	649554	Y	2312185	2312194	-
U	649540	649544	Y	2312196	2312200	-
U	649536	649539	Y	2312202	2312205	-
U	649461	649535	Y	2312207	2312281	-
U	648026	649454	Y	2312282	2313710	-
U	639410	642633	Y	2319936	2323159	-
U	642635	643177	Y	2220349	2220891	+
U	646922	648025	Y	2225884	2226987	+
U	653317	653600	Y	2232276	2232559	+
U	656903	657001	Y	2235709	2235807	+
U	657006	657006	Y	2235808	2235808	+
U	657008	674606	Y	2235809	2253407	+
U	674607	676573	Y	2253409	2255375	+
U	676575	676592	Y	2255376	2255393	+
U	676594	676595	Y	2255394	2255395	+
U	676597	676602	Y	2255396	2255401	+
U	676604	676644	Y	2255402	2255442	+
U	676645	676683	Y	2255444	2255482	+
U	676684	679929	Y	2255484	2258729	+
U	679930	679953	Y	2258731	2258754	+
U	679954	679974	Y	2258756	2258776	+
U	679976	694790	Y	2258777	2273591	+
U	839475	843294	Y	2378583	2382402	+
U	843295	844922	Y	2382407	2384034	+
U	844923	844923	Y	2384042	2384042	+
U	844924	844925	Y	2384046	2384047	+
U	844926	845578	Y	2384049	2384701	+
U	845582	846369	Y	2384702	2385489	+
U	846370	846375	Y	2385492	2385497	+
U	846376	846385	Y	2385499	2385508	+
U	846386	846395	Y	2385510	2385519	+
U	656558	656577	Y	2224849	2224868	+
U	656578	656751	Y	2224870	2225043	+
U	656753	656777	Y	2225044	2225068	+
U	656779	656902	Y	2225069	2225192	+
U	1516203	1516292	Y	2860791	2860880	-
U	1515516	1516202	Y	2998595	2999281	-
U	1515265	1515515	Y	2999284	2999534	-
U	1515102	1515264	Y	2999536	2999698	-
U	1514900	1515100	Y	2999699	2999899	-
U	1514805	1514897	Y	2999900	2999992	-
U	1680241	1684240	Y	22648	26647	+
U	1690435	1691592	Y	32736	33893	+
U	1691593	1691731	Y	33895	34033	+
U	1691732	1691736	Y	34035	34039	+
U	1691737	1691750	Y	34041	34054	+
U	1691751	1691755	Y	34056	34060	+
U	1691756	1706268	Y	34062	48574	+
U	1706284	1706284	Y	48575	48575	+
U	1706287	1739806	Y	48576	82095	+
U	1739808	1739827	Y	82096	82115	+
U	1739829	1740796	Y	82116	83083	+
U	1740797	1740818	Y	83085	83106	+
U	1740819	1740822	Y	83108	83111	+
U	1740823	1740834	Y	83113	83124	+
U	2143208	2143790	Y	1928722	1929304	+
U	2143792	2143924	Y	1929305	1929437	+
U	2143929	2143929	Y	1929438	1929438	+
U	2143933	2143933	Y	1929439	1929439	+
U	2143941	2143943	Y	1929440	1929442	+
U	2143949	2143981	Y	1929443	1929475	+
U	2504542	2504605	Y	386791	386854	-
U	2504488	2504540	Y	386855	386907	-
U	2502456	2504486	Y	386908	388938	-
U	2502238	2502453	Y	388939	389154	-
U	2502156	2502237	Y	389156	389237	-
U	2502110	2502155	Y	389241	389286	-
U	2500432	2502104	Y	389287	390959	-
U	2500286	2500430	Y	390960	391104	-
U	2499224	2500265	Y	402019	403060	-
U	2496677	2499175	Y	403061	405559	-
U	2488687	2492920	Y	418430	422663	-
U	2488676	2488685	Y	422664	422673	-
U	2488596	2488674	Y	422674	422752	-
U	2488577	2488594	Y	422753	422770	-
U	2488558	2488575	Y	422771	422788	-
U	2481567	2481588	Y	429312	429333	-
U	2477898	2481566	Y	429335	433003	-
U	2477807	2477896	Y	433004	433093	-
U	2510158	2511308	Y	391105	392255	-
U	2504639	2504651	Y	398636	398648	-
U	2504635	2504638	Y	398650	398653	-
U	2504606	2504634	Y	398655	398683	-
U	2545462	2545517	Y	1095995	1096050	+
U	2545519	2547875	Y	1096051	1098407	+
U	2549498	2549503	Y	1099810	1099815	+
U	2549504	2554461	Y	1099817	1104774	+
U	2554482	2555687	Y	1104917	1106122	+
U	2555689	2555771	Y	1106123	1106205	+
U	2556092	2556752	Y	1106315	1106975	+
U	2556753	2556982	Y	1106977	1107206	+
U	2556984	2557161	Y	1107207	1107384	+
U	2558288	2559351	Y	1108760	1109823	+
U	2560675	2560678	Y	1111235	1111238	+
U	2560679	2560684	Y	1111240	1111245	+
U	2560685	2561724	Y	1111247	1112286	+
U	2561745	2561876	Y	1112344	1112475	+
U	2561878	2566131	Y	1112476	1116729	+
U	2566133	2574622	Y	1116730	1125219	+
U	2574624	2575957	Y	1125220	1126553	+
U	2575958	2575964	Y	1126555	1126561	+
U	2602902	2603487	Y	2681726	2682311	-
U	2602885	2602885	Y	2682312	2682312	-
U	2602858	2602883	Y	2682313	2682338	-
U	2602715	2602857	Y	2682341	2682483	-
U	2602714	2602714	Y	2682500	2682500	-
U	2602681	2602713	Y	2682509	2682541	-
U	2601530	2602680	Y	2682580	2683730	-
U	2600461	2601529	Y	2683732	2684800	-
U	2600133	2600460	Y	2738577	2738904	-
U	2589954	2592256	Y	2746125	2748427	-
U	2589829	2589953	Y	2748429	2748553	-
U	2578730	2578751	Y	2754763	2754784	-
U	2577272	2578728	Y	2754785	2756241	-
U	2577264	2577271	Y	2756243	2756250	-
U	2577228	2577243	Y	2764061	2764076	-
U	2577194	2577226	Y	2764077	2764109	-
U	2577135	2577192	Y	2764110	2764167	-
U	2576777	2577134	Y	2764169	2764526	-
U	2691540	2691670	Y	1417227	1417357	-
U	2691087	2691538	Y	1417358	1417809	-
U	2690927	2691086	Y	1417815	1417974	-
U	2683300	2690926	Y	1417980	1425606	-
U	2676083	2678732	Y	1426367	1429016	-
U	2672815	2676079	Y	1429017	1432281	-
U	2667209	2667215	Y	1438083	1438089	-
U	2663333	2667208	Y	1438091	1441966	-
U	2663087	2663330	Y	1441967	1442210	-
U	2747699	2769262	Y	179314	200877	+
U	2769364	2780256	Y	203439	214331	+
U	2780257	2780977	Y	214333	215053	+
U	2780978	2781022	Y	222032	222076	+
U	2781123	2781328	Y	2445777	2445982	+
U	2781330	2783629	Y	2445983	2448282	+
U	2790199	2791017	Y	2448283	2449101	+
U	2791019	2791027	Y	2449102	2449110	+
U	2791441	2793983	Y	2449231	2451773	+
U	2794387	2795669	Y	2452057	2453339	+
U	2795671	2798726	Y	2453340	2456395	+
U	2798728	2799291	Y	2456396	2456959	+
U	2799293	2799676	Y	2456960	2457343	+
U	2800567	2803064	Y	2458180	2460677	+
U	2803065	2803316	Y	2460680	2460931	+
U	2808097	2808717	Y	2475534	2476154	+
U	2808719	2808724	Y	2476155	2476160	+
U	2808725	2808740	Y	2476162	2476177	+
U	2783822	2783832	Y	790188	790198	-
U	2783630	2783821	Y	790200	790391	-
U	2889168	2889223	Y	2611064	2611119	-
U	2888193	2889166	Y	2611120	2612093	-
U	2888064	2888073	Y	2612212	2612221	-
U	2885153	2888063	Y	2612223	2615133	-
U	2883565	2885061	Y	2615321	2616817	-
U	2883117	2883564	Y	2616851	2617298	-
U	2881181	2883115	Y	2617299	2619233	-
U	2881077	2881180	Y	2619235	2619338	-
U	2875000	2880255	Y	2619850	2625105	-
U	2874858	2874979	Y	2625237	2625358	-
U	2870195	2874856	Y	2625359	2630020	-
U	2870181	2870194	Y	2630022	2630035	-
U	2870177	2870180	Y	2630037	2630040	-
U	2868214	2868268	Y	2631379	2631433	-
U	2864067	2868212	Y	2631434	2635579	-
U	2863359	2864065	Y	2635580	2636286	-
U	2900612	2900621	Y	1669158	1669167	-
U	2900607	2900611	Y	1669169	1669173	-
U	2900473	2900606	Y	1669182	1669315	-
U	2899804	2900472	Y	1669340	1670008	-
U	2899780	2899802	Y	1670009	1670031	-
U	2900703	2900865	Y	1962727	1962889	+
U	2900866	2900867	Y	1962905	1962906	+
U	2900868	2900903	Y	1962910	1962945	+
U	2900622	2900702	Y	2667243	2667323	+
U	2915638	2918085	Y	3255144	3257591	+
U	2918086	2918088	Y	3257593	3257595	+
U	2918089	2918268	Y	3257597	3257776	+
U	2918293	2918927	Y	3257801	3258435	+
U	2921121	2921266	Y	3260684	3260829	+
U	2926215	2926226	Y	3263953	3263964	+
U	2926228	2926351	Y	3263965	3264088	+
U	2926353	2926563	Y	3264089	3264299	+
U	2926564	2929249	Y	3264301	3266986	+
U	2929250	2929252	Y	3266988	3266990	+
U	2929253	2929352	Y	3267000	3267099	+
U	2929353	2931143	Y	3267106	3268896	+
U	2931145	2931160	Y	3268897	3268912	+
U	2931162	2931196	Y	3268913	3268947	+
U	2931198	2931326	Y	3268948	3269076	+
U	2931327	2931342	Y	3269078	3269093	+
U	2937454	2937459	Y	3270493	3270498	+
U	2937460	2940184	Y	3270500	3273224	+
U	2940185	2941064	Y	3273226	3274105	+
U	2921301	2921329	Y	3163446	3163474	-
U	2921267	2921299	Y	3163475	3163507	-
U	2920634	2921120	Y	3163933	3164419	-
U	2920582	2920632	Y	3164420	3164470	-
U	2920118	2920581	Y	3164473	3164936	-
U	2920016	2920116	Y	3164937	3165037	-
U	2919793	2920014	Y	3165038	3165259	-
U	2919591	2919792	Y	3165261	3165462	-
U	2919440	2919588	Y	3165463	3165611	-
U	2919030	2919405	Y	3165612	3165987	-
U	2918952	2919028	Y	3165988	3166064	-
U	2918928	2918951	Y	3136890	3136913	+
U	2918269	2918292	Y	3163554	3163577	+
U	3051792	3051953	Y	1979732	1979893	-
U	3051450	3051776	Y	1995409	1995735	-
U	3043093	3043285	Y	1992929	1993121	-
U	3183896	3183939	Y	227576	227619	-
U	3183870	3183894	Y	227620	227644	-
U	3183798	3183869	Y	227646	227717	-
U	3183355	3183797	Y	227719	228161	-
U	3183133	3183354	Y	228164	228385	-
U	3183002	3183132	Y	228400	228530	-
U	3183000	3183000	Y	228531	228531	-
U	3182898	3182985	Y	228532	228619	-
U	3182646	3182897	Y	228621	228872	-
U	3182072	3182645	Y	228874	229447	-
U	3182013	3182071	Y	229449	229507	-
U	3181958	3182012	Y	229509	229563	-
U	3181880	3181956	Y	229564	229640	-
U	3181863	3181878	Y	229641	229656	-
U	3181823	3181845	Y	1215843	1215865	-
U	3181736	3181821	Y	1215867	1215952	-
U	3176052	3176386	Y	1220137	1220471	-
U	3175570	3176051	Y	1220473	1220954	-
U	3171437	3175548	Y	1220976	1225087	-
U	3171430	3171436	Y	1225089	1225095	-
U	3161769	3163603	Y	1231951	1233785	-
U	3161502	3161637	Y	1246922	1247057	-
U	3175549	3175569	Y	1226739	1226759	-
U	3161654	3161768	Y	1335043	1335157	-
U	3161417	3161422	Y	2666705	2666710	+
U	3161423	3161499	Y	2666712	2666788	+
U	3161647	3161653	Y	1260041	1260047	-
U	3270797	3272647	Y	360296	362146	+
U	3279094	3279207	Y	363938	364051	+
U	3279208	3279419	Y	364053	364264	+
U	3279428	3283912	Y	364265	368749	+
U	3283914	3283924	Y	368750	368760	+
U	3290209	3291931	Y	379900	381622	+
U	3449710	3449776	Y	434924	434990	+
U	3449777	3449788	Y	454984	454995	+
U	3449790	3449843	Y	454996	455049	+
U	3449845	3449929	Y	455050	455134	+
U	3449931	3449967	Y	455135	455171	+
U	3449968	3449986	Y	455173	455191	+
U	3449988	3455437	Y	455192	460641	+
U	3455438	3455475	Y	460643	460680	+
U	3455476	3455496	Y	460682	460702	+
U	3462962	3465243	Y	467888	470169	+
U	3465264	3468289	Y	470294	473319	+
U	3468290	3468466	Y	473321	473497	+
U	3468467	3468533	Y	473499	473565	+
U	3470024	3470032	Y	1433487	1433495	+
U	3470034	3470082	Y	1433496	1433544	+
U	3470083	3470095	Y	1433546	1433558	+
U	3470098	3470109	Y	1433559	1433570	+
U	3470110	3470145	Y	1433573	1433608	+
U	3470146	3470147	Y	1433613	1433614	+
U	3470148	3470152	Y	1433617	1433621	+
U	3470153	3470164	Y	1433632	1433643	+
U	3470165	3470188	Y	1433654	1433677	+
U	3470190	3470219	Y	1433678	1433707	+
U	3470221	3470225	Y	1433708	1433712	+
U	3470229	3470231	Y	1433713	1433715	+
U	3470232	3470235	Y	1433717	1433720	+
U	3470238	3470254	Y	1433721	1433737	+
U	3470280	3472796	Y	1433738	1436254	+
U	3472817	3472874	Y	1443762	1443819	+
U	3472876	3474783	Y	1443820	1445727	+
U	3476849	3483196	Y	1446832	1453179	+
U	3483238	3487023	Y	1453220	1457005	+
U	3487025	3487032	Y	1457006	1457013	+
U	3487037	3487041	Y	1457014	1457018	+
U	3487042	3487098	Y	1457023	1457079	+
U	3475158	3476362	Y	1432282	1433486	+
U	3476644	3476828	Y	1442499	1442683	+
U	3468634	3469706	Y	1442689	1443761	+
U	3522481	3523550	Y	3626712	3627781	-
U	3522334	3522391	Y	3627877	3627934	-
U	3520332	3522332	Y	3627935	3629935	-
U	3512754	3514531	Y	3631553	3633330	-
U	3508713	3512551	Y	3633815	3637653	-
U	3505710	3508711	Y	3637654	3640655	-
U	3577041	3580259	Y	1795726	1798944	+
U	3588086	3590981	Y	1805984	1808879	+
U	3591364	3592878	Y	1809206	1810720	+
U	3743703	3743842	Y	1258366	1258505	-
U	3747848	3747961	Y	1234616	1234729	+
U	3760068	3763076	Y	1480643	1483651	+
U	3769905	3774723	Y	1500934	1505752	+
U	3774729	3774730	Y	1505753	1505754	+
U	3774735	3774738	Y	1505755	1505758	+
U	3774742	3774965	Y	1505759	1505982	+
U	3763077	3764940	Y	1856049	1857912	-
U	3759891	3760067	Y	1860922	1861098	-
U	3759716	3759889	Y	1861099	1861272	-
U	3759670	3759714	Y	1861273	1861317	-
U	3759632	3759668	Y	1861318	1861354	-
U	3759615	3759630	Y	1861355	1861370	-
U	3775279	3775286	Y	158646	158653	+
U	3775287	3776651	Y	158655	160019	+
U	3776899	3776920	Y	160128	160149	+
U	3776922	3777727	Y	160150	160955	+
U	3777728	3777737	Y	160957	160966	+
U	3780151	3783301	Y	164055	167205	+
U	3783302	3784043	Y	167207	167948	+
U	3784045	3784076	Y	167949	167980	+
U	3784078	3786113	Y	167981	170016	+
U	3786115	3787198	Y	170017	171100	+
U	3787202	3788762	Y	171104	172664	+
U	3788859	3790782	Y	172665	174588	+
U	3831812	3832209	Y	3060755	3061152	+
U	3832220	3832451	Y	3061153	3061384	+
U	3832452	3834285	Y	3061413	3063246	+
U	3834644	3837233	Y	3063716	3066305	+
U	3834286	3834477	Y	3227348	3227539	-
U	3822266	3823525	Y	3237967	3239226	-
U	3821904	3822265	Y	3239228	3239589	-
U	3852066	3852618	Y	510023	510575	-
U	3851347	3852064	Y	510576	511293	-
U	3849291	3849623	Y	513075	513407	-
U	3923431	3923510	Y	1953453	1953532	-
U	3923009	3923430	Y	1953539	1953960	-
U	3922898	3922951	Y	1953966	1954019	-
U	3922838	3922884	Y	1954020	1954066	-
U	3922667	3922723	Y	1950239	1950295	-
U	3968669	3972372	Y	3240259	3243962	-
U	3960772	3961165	Y	3213606	3213999	-
U	3960627	3960771	Y	3214002	3214146	-
U	3960394	3960626	Y	3214148	3214380	-
U	3960061	3960389	Y	3214381	3214709	-
U	3959937	3960059	Y	3214710	3214832	-
U	3959916	3959936	Y	3214835	3214855	-
U	3959914	3959915	Y	3214857	3214858	-
U	3959912	3959913	Y	3214875	3214876	-
U	3959905	3959911	Y	3214880	3214886	-
U	3959410	3959904	Y	3214894	3215388	-
U	3959300	3959408	Y	3215389	3215497	-
U	3959291	3959299	Y	3215499	3215507	-
U	3958421	3959290	Y	3215517	3216386	-
U	3957745	3958412	Y	3073417	3074084	+
U	4001589	4001645	Y	2304300	2304356	+
U	4001647	4002103	Y	2304357	2304813	+
U	4002104	4002872	Y	2304815	2305583	+
U	4011705	4012074	Y	2313711	2314080	+
U	4142438	4142485	Y	474309	474356	-
U	4139768	4142436	Y	474357	477025	-
U	4128647	4131791	Y	484958	488102	-
U	4344874	4344922	Y	818826	818874	+
U	4344924	4346078	Y	818875	820029	+
U	4346079	4346147	Y	820031	820099	+
U	4346285	4347356	Y	820100	821171	+
U	4347358	4347362	Y	821172	821176	+
U	4353536	4353539	Y	825387	825390	+
U	4353540	4354359	Y	825392	826211	+
U	4354360	4354949	Y	826213	826802	+
U	4354988	4357781	Y	826896	829689	+
U	4412834	4413102	Y	1673872	1674140	+
U	4419436	4419440	Y	1685142	1685146	+
U	4419441	4421270	Y	1685148	1686977	+
U	4421626	4422039	Y	1687332	1687745	+
U	4409726	4410766	Y	2668631	2669671	-
U	4545208	4545582	Y	1067158	1067532	+
U	4545583	4545585	Y	1067534	1067536	+
U	4545590	4545592	Y	1067537	1067539	+
U	4545603	4545888	Y	1067540	1067825	+
U	4545922	4545926	Y	1067826	1067830	+
U	4545934	4545969	Y	1067831	1067866	+
U	4545973	4545974	Y	1067867	1067868	+
U	4545975	4545977	Y	1067870	1067872	+
U	4545978	4545986	Y	1067875	1067883	+
U	4545987	4545992	Y	1067888	1067893	+
U	4545994	4545995	Y	1067894	1067895	+
U	4545999	4546046	Y	1067896	1067943	+
U	4546053	4546397	Y	1067944	1068288	+
U	4546399	4546481	Y	1068289	1068371	+
U	4557240	4558888	Y	1051595	1053243	-
U	4557168	4557238	Y	1053244	1053314	-
U	4557153	4557167	Y	1053316	1053330	-
U	4547663	4547850	Y	1041131	1041318	+
U	4547852	4548527	Y	1041319	1041994	+
U	4548831	4548938	Y	1042298	1042405	+
U	4548939	4549003	Y	1042407	1042471	+
U	4548532	4548778	Y	960207	960453	+
U	4548779	4548830	Y	960459	960510	+
U	4549004	4549078	Y	931134	931208	-
U	4583304	4584482	Y	2599998	2601176	-
U	4572982	4573051	Y	2612094	2612163	-
U	4586382	4586448	Y	454917	454983	+
U	4596273	4596583	Y	464624	464934	+
U	4606195	4607266	Y	1522008	1523079	+
U	4629825	4629848	Y	332675	332698	+
U	4929457	4929473	Y	1252510	1252526	-
U	4928613	4928697	Y	1271901	1271985	-
U	4928375	4928611	Y	1271986	1272222	-
U	4928264	4928370	Y	1272223	1272329	-
U	4928262	4928263	Y	1272332	1272333	-
U	4928054	4928261	Y	1272338	1272545	-
U	4927777	4928045	Y	1272546	1272814	-
U	4927694	4927776	Y	1272817	1272899	-
U	4924223	4927406	Y	1377942	1381125	-
U	4906151	4906316	Y	1551071	1551236	+
U	4906318	4907233	Y	1551237	1552152	+
U	4912664	4914256	Y	1607568	1609160	+
U	4927668	4927693	Y	1586094	1586119	+
U	4928918	4929456	Y	1587422	1587960	+
U	4929474	4930088	Y	1587978	1588592	+
U	4924035	4924202	Y	1297721	1297888	-
U	4914317	4914320	Y	1294607	1294610	-
U	4914257	4914316	Y	1294612	1294671	-
U	4928698	4928757	Y	1600929	1600988	+
U	4963367	4963927	Y	2465823	2466383	-
U	4963296	4963366	Y	2466395	2466465	-
U	4963074	4963294	Y	2466466	2466686	-
U	4962799	4963073	Y	2466699	2466973	-
U	4961302	4962328	Y	2467549	2468575	-
U	4952661	4954531	Y	2477700	2479570	-
U	4950783	4951882	Y	2479571	2480670	-
U	4950636	4950781	Y	2480671	2480816	-
U	4950524	4950635	Y	2480823	2480934	-
U	4948588	4950522	Y	2480935	2482869	-
U	4965556	4966063	Y	2473552	2474059	-
U	4964027	4965056	Y	2474426	2475455	-
U	4963948	4964025	Y	2475456	2475533	-
U	4962513	4962521	Y	2462559	2462567	-
U	4962402	4962512	Y	2462569	2462679	-
U	4962377	4962400	Y	2462680	2462703	-
U	4962344	4962375	Y	2462704	2462735	-
U	4962329	4962342	Y	2462736	2462749	-
U	4951962	4952660	Y	2464109	2464807	-
U	4951903	4951960	Y	2464808	2464865	-
U	4966064	4966077	Y	2468576	2468589	-
U	4965081	4965555	Y	2469098	2469572	-
U	4965077	4965080	Y	2469574	2469577	-
U	5083171	5084460	Y	301947	303236	-
U	5081745	5082724	Y	303792	304771	-
U	5080653	5081743	Y	304772	305862	-
U	5077087	5078751	Y	308900	310564	-
U	5075204	5077085	Y	310565	312446	-
U	5075191	5075203	Y	312448	312460	-
U	5060037	5063488	Y	326456	329907	-
U	5049798	5054274	Y	335399	339875	-
U	5049245	5049663	Y	340069	340487	-
U	5048217	5049243	Y	340488	341514	-
U	5048209	5048216	Y	341516	341523	-
U	5048203	5048208	Y	341525	341530	-
U	5071577	5071670	Y	1712065	1712158	+
U	5184124	5185324	Y	235996	237196	-
U	5182452	5184122	Y	237197	238867	-
U	5182323	5182451	Y	238869	238997	-
U	5182121	5182322	Y	238999	239200	-
U	5182104	5182120	Y	239202	239218	-
U	5170428	5175144	Y	270845	275561	-
U	5170422	5170427	Y	275563	275568	-
U	5169268	5170420	Y	275569	276721	-
U	5169261	5169267	Y	276723	276729	-
U	5162897	5163957	Y	282418	283478	-
U	5162872	5162895	Y	283479	283502	-
U	5161246	5162870	Y	283503	285127	-
U	5262540	5262883	Y	395174	395517	+
U	5262367	5262539	Y	461574	461746	-
U	5262362	5262366	Y	461748	461752	-
U	5265959	5267464	Y	2818689	2820194	-
U	5265950	5265958	Y	2820196	2820204	-
U	5679405	5680265	Y	3212118	3212978	+
U	5680266	5680266	Y	3212988	3212988	+
U	5680267	5680453	Y	3213014	3213200	+
U	5684712	5684853	Y	3074627	3074768	-
U	5755561	5755612	Y	889757	889808	+
U	5755613	5757731	Y	889810	891928	+
U	5757732	5760616	Y	891930	894814	+
U	5760617	5760775	Y	1351839	1351997	+
U	5760784	5760882	Y	1351998	1352096	+
U	5760883	5761021	Y	895080	895218	+
U	5761022	5761043	Y	1265848	1265869	+
U	5815222	5815776	Y	277434	277988	-
U	5887054	5887695	Y	1704327	1704968	-
U	5957724	5962445	Y	251163	255884	+
U	5962447	5962493	Y	255885	255931	+
U	5996043	6000625	Y	795743	800325	-
U	6051236	6051298	Y	678111	678173	+
U	6051300	6051333	Y	678174	678207	+
U	6051335	6051675	Y	678208	678548	+
U	6051677	6055466	Y	678549	682338	+
U	6055468	6055632	Y	682339	682503	+
U	6104588	6104722	Y	3196232	3196366	-
U	6160227	6161192	Y	1154714	1155679	+
U	6161193	6161355	Y	1176805	1176967	+
U	6161356	6161367	Y	1176969	1176980	+
U	6274754	6277919	Y	1016218	1019383	+
U	6274011	6274753	Y	2646789	2647531	-
U	6273972	6274010	Y	2647533	2647571	-
U	6365208	6366840	Y	1917988	1919620	-
U	6392044	6395725	Y	1010412	1014093	+
U	6395726	6395731	Y	1014095	1014100	+
U	6403432	6406104	Y	983236	985908	+
U	6406105	6407070	Y	985910	986875	+
U	6407071	6407122	Y	952287	952338	+
U	6488765	6488768	Y	1842612	1842615	+
U	6488769	6490571	Y	1842617	1844419	+
U	6490619	6492313	Y	1844467	1846161	+
U	6490572	6490618	Y	1497098	1497144	-
U	6496051	6496370	Y	843979	844298	-
U	6542916	6542939	Y	992363	992386	+
U	6542940	6546392	Y	992388	995840	+
U	6567841	6568534	Y	2784910	2785603	+
U	6568535	6568667	Y	2785605	2785737	+
U	6568669	6570404	Y	2785738	2787473	+
U	6602762	6604343	Y	883497	885078	+
U	6604942	6606134	Y	885677	886869	+
U	6604449	6604941	Y	919986	920478	-
U	6604376	6604448	Y	920480	920552	-
U	6604368	6604375	Y	920554	920561	-
U	6613171	6616524	Y	988194	991547	+
U	6675191	6677077	Y	3220953	3222839	+
U	6677079	6677594	Y	3222840	3223355	+
U	6677595	6677601	Y	3223357	3223363	+
U	6674343	6675190	Y	3069804	3070651	-
U	6684408	6684547	Y	757026	757165	+
U	6684549	6684608	Y	757166	757225	+
U	6684610	6687642	Y	757226	760258	+
U	6691077	6692930	Y	3527876	3529729	+
U	6692931	6694305	Y	3522851	3524225	+
U	6696837	6696856	Y	2760134	2760153	+
U	6717625	6720305	Y	2799429	2802109	-
U	6720306	6720804	Y	2807503	2808001	+
U	6720806	6720827	Y	2808002	2808023	+
U	6750562	6750980	Y	2639057	2639475	+
U	6750981	6753738	Y	2639477	2642234	+
U	6753839	6756397	Y	1029772	1032330	+
U	6756399	6757014	Y	1032331	1032946	+
U	6801895	6802461	Y	3470705	3471271	-
U	6799360	6801893	Y	3471272	3473805	-
U	6868891	6868961	Y	881604	881674	+
U	6868965	6869004	Y	881675	881714	+
U	6870345	6870699	Y	1037280	1037634	+
U	6870701	6871894	Y	1037635	1038828	+
U	6869005	6869402	Y	2530188	2530585	+
U	6869419	6869763	Y	2530586	2530930	+
U	6869765	6869907	Y	2530931	2531073	+
U	6869909	6869939	Y	2531074	2531104	+
U	6869940	6870279	Y	2531106	2531445	+
U	6870280	6870281	Y	2531448	2531449	+
U	6870282	6870286	Y	2531451	2531455	+
U	6870287	6870344	Y	2531475	2531532	+
U	6918137	6918353	Y	1852937	1853153	+
U	6972298	6972319	Y	2753062	2753083	+
U	7043541	7043704	Y	952599	952762	+
U	7043706	7044958	Y	952763	954015	+
U	7044959	7046376	Y	954017	955434	+
U	7078662	7081476	Y	1473417	1476231	-
U	7098787	7098915	Y	314489	314617	-
U	7127962	7130720	Y	146092	148850	-
U	7127936	7127960	Y	148851	148875	-
U	7142334	7144793	Y	2490471	2492930	+
U	7144795	7145078	Y	2492931	2493214	+
U	7145079	7145096	Y	2493216	2493233	+
U	7170772	7173489	Y	3175482	3178199	+
U	7173761	7173789	Y	2522421	2522449	+
U	7173791	7173865	Y	2522450	2522524	+
U	7173866	7174072	Y	2545123	2545329	+
U	7174074	7174437	Y	2545330	2545693	+
U	7174438	7174851	Y	2545700	2546113	+
U	7174852	7175047	Y	2546117	2546312	+
U	7175048	7175698	Y	2546346	2546996	+
U	7175699	7176305	Y	920562	921168	+
U	7173590	7173647	Y	2553115	2553172	+
U	7173649	7173760	Y	2553173	2553284	+
U	7187624	7188015	Y	995941	996332	+
U	7188017	7190320	Y	996333	998636	+
U	7243006	7243198	Y	904859	905051	+
U	7243200	7245644	Y	905052	907496	+
U	7256692	7256745	Y	3479999	3480052	+
U	7256747	7256755	Y	3480053	3480061	+
U	7256757	7259322	Y	3480062	3482627	+
U	7275761	7278372	Y	1674232	1676843	+
U	7278373	7278377	Y	1676845	1676849	+
U	7294719	7295529	Y	775276	776086	+
U	7295556	7297316	Y	776113	777873	+
U	7354107	7356064	Y	129518	131475	-
U	7353518	7354106	Y	131477	132065	-
U	7366730	7368050	Y	955535	956855	+
U	7368052	7369259	Y	956856	958063	+
U	7512903	7514931	Y	3132868	3134896	+
U	7514932	7515295	Y	3134899	3135262	+
U	7567464	7568802	Y	869892	871230	+
U	7568810	7568951	Y	898849	898990	+
U	7568952	7568996	Y	898993	899037	+
U	7568997	7568999	Y	899056	899058	+
U	7569000	7569003	Y	899060	899063	+
U	7569004	7569007	Y	899081	899084	+
U	7569008	7569453	Y	899103	899548	+
U	7569454	7569666	Y	899558	899770	+
U	7569687	7569824	Y	2583400	2583537	-
U	7587113	7587153	Y	1974984	1975024	+
U	7587170	7589458	Y	1975041	1977329	+
U	7587154	7587169	Y	1960055	1960070	+
U	7623594	7625760	Y	3405997	3408163	+
U	7625762	7625887	Y	3408164	3408289	+
U	7625889	7625901	Y	3408290	3408302	+
U	7705378	7706351	Y	2792397	2793370	+
U	7759406	7759410	Y	895659	895663	+
U	7759411	7759576	Y	895665	895830	+
U	7759578	7760559	Y	895831	896812	+
U	7760561	7761589	Y	896813	897841	+
U	7770782	7770786	Y	1726732	1726736	+
U	7770788	7770796	Y	1726737	1726745	+
U	7770798	7771827	Y	1726746	1727775	+
U	7771829	7772944	Y	1727776	1728891	+
U	7779622	7779724	Y	2593436	2593538	-
U	7779530	7779621	Y	2593542	2593633	-
U	7779149	7779510	Y	2593653	2594014	-
U	7779148	7779148	Y	2594016	2594016	-
U	7778829	7779147	Y	2594018	2594336	-
U	7778598	7778828	Y	2594338	2594568	-
U	7777977	7778597	Y	2594574	2595194	-
U	7777678	7777966	Y	2595195	2595483	-
U	7777589	7777676	Y	2595484	2595571	-
U	7777569	7777588	Y	2561766	2561785	-
U	7784334	7784538	Y	1033581	1033785	+
U	7784541	7784886	Y	1033788	1034133	+
U	7784888	7786470	Y	1034134	1035716	+
U	7784329	7784333	Y	981492	981496	-
U	7793276	7795364	Y	899872	901960	+
U	7795365	7795407	Y	987242	987284	+
U	7797737	7799727	Y	2485506	2487496	+
U	7799729	7799732	Y	2487497	2487500	+
U	7799734	7799744	Y	2487501	2487511	+
U	7799746	7799751	Y	2487512	2487517	+
U	7799753	7799759	Y	2487518	2487524	+
U	7799761	7799863	Y	2487525	2487627	+
U	7835373	7837470	Y	3555414	3557511	-
U	7848739	7850641	Y	1597880	1599782	-
U	7848699	7848737	Y	1599783	1599821	-
U	7848638	7848697	Y	1599822	1599881	-
U	7848620	7848636	Y	1599882	1599898	-
U	7848609	7848618	Y	1599899	1599908	-
U	7861683	7862740	Y	939936	940993	+
U	7862742	7863768	Y	940994	942020	+
U	7916343	7916905	Y	974528	975090	+
U	7916907	7917500	Y	975091	975684	+
U	7917501	7917893	Y	975686	976078	+
U	7929154	7930675	Y	362147	363668	+
U	7985861	7986931	Y	1182913	1183983	-
U	7985358	7985860	Y	1183985	1184487	-
U	8001916	8003879	Y	108092	110055	+
U	8040946	8042884	Y	356174	358112	+
U	8042985	8042991	Y	2559809	2559815	+
U	8042992	8043169	Y	2559817	2559994	+
U	8043173	8043177	Y	2559995	2559999	+
U	8043179	8043699	Y	2560000	2560520	+
U	8043700	8043706	Y	2560522	2560528	+
U	8043708	8043733	Y	2560529	2560554	+
U	8043735	8044138	Y	2560555	2560958	+
U	8044140	8044209	Y	2560959	2561028	+
U	8044213	8044217	Y	2561029	2561033	+
U	8044222	8044614	Y	2561034	2561426	+
U	8044615	8044713	Y	2561452	2561550	+
U	8044714	8044733	Y	2561558	2561577	+
U	8044735	8044922	Y	2561578	2561765	+
U	8077475	8079391	Y	916438	918354	+
U	8083524	8084043	Y	673257	673776	-
U	8119511	8121299	Y	674774	676562	+
U	8121301	8121398	Y	676563	676660	+
U	8193564	8195369	Y	977624	979429	+
U	8233283	8234287	Y	1862326	1863330	+
U	8234288	8235056	Y	1863332	1864100	+
U	8272136	8273860	Y	1499186	1500910	-
U	8275473	8275684	Y	2114399	2114610	-
U	8310156	8311842	Y	1957305	1958991	+
U	8366161	8367773	Y	859671	861283	+
U	8431339	8431347	Y	888102	888110	+
U	8431348	8431402	Y	888112	888166	+
U	8431404	8432878	Y	888167	889641	+
U	8444405	8444430	Y	1709628	1709653	+
U	8444431	8445931	Y	1709655	1711155	+
U	8450907	8452427	Y	968543	970063	+
U	8454150	8454230	Y	700561	700641	+
U	8454232	8455666	Y	700642	702076	+
U	8491205	8491205	Y	2562645	2562645	+
U	8491206	8491400	Y	2562654	2562848	+
U	8491401	8491878	Y	2562852	2563329	+
U	8491881	8491941	Y	2563330	2563390	+
U	8491942	8492040	Y	2563392	2563490	+
U	8492041	8492066	Y	2563497	2563522	+
U	8492067	8492166	Y	2563525	2563624	+
U	8492167	8492196	Y	2563648	2563677	+
U	8492198	8492200	Y	2563678	2563680	+
U	8492201	8492369	Y	2563682	2563850	+
U	8492370	8492441	Y	2563853	2563924	+
U	8491146	8491201	Y	873278	873333	-
U	8491121	8491144	Y	873334	873357	-
U	8491083	8491119	Y	873358	873394	-
U	8491036	8491081	Y	873395	873440	-
U	8490963	8491033	Y	873441	873511	-
U	8501105	8501198	Y	876470	876563	-
U	8501075	8501100	Y	876564	876589	-
U	8501074	8501074	Y	876596	876596	-
U	8500844	8501073	Y	876604	876833	-
U	8500464	8500840	Y	876834	877210	-
U	8501419	8501545	Y	911212	911338	+
U	8501547	8501888	Y	911339	911680	+
U	8501199	8501416	Y	2573663	2573880	-
U	8500418	8500436	Y	980047	980065	+
U	8507174	8507934	Y	1830614	1831374	+
U	8507936	8508169	Y	1831375	1831608	+
U	8506701	8507173	Y	1510951	1511423	-
U	8516104	8517566	Y	3244325	3245787	-
U	1050509	1051743	Y	765473	766707	+
U	1051780	1052208	Y	766708	767136	+
U	1052210	1053074	Y	767137	768001	+
U	1053087	1053896	Y	768002	768811	+
U	1053897	1053904	Y	768813	768820	+
U	1222584	1222632	Y	1467662	1467710	+
U	1222633	1223046	Y	1467736	1468149	+
U	1223047	1223047	Y	1468187	1468187	+
U	1223048	1223049	Y	1468195	1468196	+
U	1223050	1223095	Y	1468199	1468244	+
U	1223097	1223188	Y	1468245	1468336	+
U	1223189	1223271	Y	1468338	1468420	+
U	1223273	1223340	Y	1468421	1468488	+
U	1223341	1223421	Y	1468490	1468570	+
U	1223422	1223473	Y	1468577	1468628	+
U	1223474	1223525	Y	1468635	1468686	+
U	1223526	1223526	Y	1468691	1468691	+
U	1223527	1223630	Y	1468694	1468797	+
U	1223632	1223679	Y	1468798	1468845	+
U	1223680	1223692	Y	1468854	1468866	+
U	1223696	1223763	Y	1468867	1468934	+
U	1	5162	2R	422885	428046	+
U	5164	5484	2R	428047	428367	+
U	5486	6120	2R	428368	429002	+
U	6122	28224	2R	429003	451105	+
U	28225	28256	2R	451107	451138	+
U	28258	28328	2R	451139	451209	+
U	28330	143781	2R	451210	566661	+
U	143782	164116	2R	566663	586997	+
U	164118	164133	2R	586998	587013	+
U	164134	164144	2R	587015	587025	+
U	164145	164164	2R	587032	587051	+
U	164165	164169	2R	587054	587058	+
U	164170	164207	2R	587060	587097	+
U	164209	164213	2R	587098	587102	+
U	164216	164238	2R	587103	587125	+
U	164245	164252	2R	587126	587133	+
U	164254	164268	2R	587134	587148	+
U	164269	164294	2R	587150	587175	+
U	164296	164316	2R	587176	587196	+
U	164317	164319	2R	587198	587200	+
U	164321	164404	2R	587201	587284	+
U	164407	164409	2R	587285	587287	+
U	164423	164435	2R	587288	587300	+
U	164436	322088	2R	587303	744955	+
U	322106	325170	2R	744956	748020	+
U	1600650	1616399	2R	51308	67057	-
U	1542809	1600648	2R	67058	124897	-
U	1942222	1980876	2R	2716235	2754889	+
U	1985592	1988192	2R	2759605	2762205	+
U	1982791	1985591	2R	3659099	3661899	-
U	1982700	1982790	2R	3661901	3661991	-
U	1980877	1982699	2R	3661996	3663818	-
U	2439157	2443344	2R	373607	377794	-
U	2434749	2437470	2R	379482	382203	-
U	2414134	2434748	2R	386665	407279	-
U	2412592	2414132	2R	407280	408820	-
U	2411034	2412591	2R	408822	410379	-
U	2408361	2411033	2R	410381	413053	-
U	2407692	2407801	2R	413613	413722	-
U	2439085	2439156	2R	382204	382275	-
U	2437471	2439083	2R	382276	383888	-
U	2659027	2662986	2R	318698	322657	-
U	2644763	2659026	2R	322659	336922	-
U	2644273	2644761	2R	336923	337411	-
U	2636759	2641115	2R	339988	344344	-
U	2636740	2636758	2R	344346	344364	-
U	2636713	2636738	2R	344365	344390	-
U	2636683	2636711	2R	344391	344419	-
U	2636651	2636681	2R	344420	344450	-
U	2636633	2636649	2R	344451	344467	-
U	2636609	2636631	2R	344468	344490	-
U	2634372	2636607	2R	344491	346726	-
U	2834849	2834927	2R	25271783	25271861	+
U	2834929	2835132	2R	25271862	25272065	+
U	2835133	2835210	2R	25272067	25272144	+
U	2835233	2835246	2R	25272145	25272158	+
U	2835248	2835343	2R	25272159	25272254	+
U	2835344	2835347	2R	25272256	25272259	+
U	2835349	2835353	2R	25272260	25272264	+
U	2835354	2835400	2R	25272266	25272312	+
U	2835401	2835491	2R	25272314	25272404	+
U	2835492	2835493	2R	25272406	25272407	+
U	2835494	2836295	2R	25272409	25273210	+
U	3014301	3014305	2R	1134301	1134305	-
U	3014296	3014300	2R	1134308	1134312	-
U	3013243	3014294	2R	1134313	1135364	-
U	3012431	3013242	2R	1135366	1136177	-
U	3005169	3010657	2R	1146350	1151838	-
U	3003369	3003761	2R	1153246	1153638	-
U	3003336	3003368	2R	1153640	1153672	-
U	3003326	3003335	2R	1153674	1153683	-
U	3003250	3003325	2R	1153685	1153760	-
U	3002185	3003249	2R	1153762	1154826	-
U	2993943	2997183	2R	1159165	1162405	-
U	2991977	2993942	2R	1162407	1164372	-
U	3012122	3012430	2R	1127762	1128070	-
U	3012115	3012119	2R	1128071	1128075	-
U	3012097	3012113	2R	1128076	1128092	-
U	3012096	3012096	2R	1128095	1128095	-
U	3012028	3012095	2R	1128097	1128164	-
U	3012027	3012027	2R	1128170	1128170	-
U	3011977	3012026	2R	1128172	1128221	-
U	3011972	3011976	2R	1128224	1128228	-
U	3011955	3011971	2R	1128230	1128246	-
U	3011952	3011952	2R	1128247	1128247	-
U	3011383	3011950	2R	1128248	1128815	-
U	3010658	3011382	2R	1128818	1129542	-
U	3230432	3249266	2R	148379	167213	-
U	3230317	3230431	2R	223652	223766	-
U	3228598	3230315	2R	223767	225484	-
U	3228593	3228596	2R	225486	225489	-
U	3228050	3228591	2R	169054	169595	-
U	3312554	3312617	2R	127650	127713	-
U	3311869	3312552	2R	127714	128397	-
U	3311868	3311868	2R	128399	128399	-
U	3298578	3311867	2R	128401	141690	-
U	3292042	3298576	2R	141691	148225	-
U	3292039	3292041	2R	148227	148229	-
U	3292032	3292038	2R	148231	148237	-
U	3411571	3411629	2R	4469	4527	+
U	3411631	3411635	2R	4528	4532	+
U	3411636	3411667	2R	4534	4565	+
U	3411668	3411745	2R	4567	4644	+
U	3411746	3411750	2R	4646	4650	+
U	3411752	3411783	2R	4651	4682	+
U	3411785	3411862	2R	4683	4760	+
U	3411864	3411868	2R	4761	4765	+
U	3411869	3411874	2R	4767	4772	+
U	3411875	3411876	2R	4774	4775	+
U	3411879	3411900	2R	4776	4797	+
U	3411901	3412081	2R	4799	4979	+
U	3412085	3412311	2R	4980	5206	+
U	3412313	3412328	2R	5207	5222	+
U	3412330	3412334	2R	5223	5227	+
U	3412335	3412340	2R	5229	5234	+
U	3412343	3412344	2R	5235	5236	+
U	3412345	3412366	2R	5238	5259	+
U	3412367	3416006	2R	5261	8900	+
U	3416007	3416083	2R	8902	8978	+
U	3416084	3416372	2R	8980	9268	+
U	3416374	3416433	2R	9269	9328	+
U	3416434	3416438	2R	9330	9334	+
U	3416440	3416444	2R	9335	9339	+
U	3416445	3416447	2R	9342	9344	+
U	3416449	3416450	2R	9345	9346	+
U	3416452	3416471	2R	9347	9366	+
U	3416473	3416665	2R	9367	9559	+
U	3416667	3416722	2R	9560	9615	+
U	3416723	3416782	2R	9617	9676	+
U	3416784	3416788	2R	9677	9681	+
U	3416789	3416794	2R	9683	9688	+
U	3416797	3416798	2R	9689	9690	+
U	3416799	3416820	2R	9692	9713	+
U	3416821	3416821	2R	9715	9715	+
U	3416822	3416823	2R	9717	9718	+
U	3416825	3416917	2R	9719	9811	+
U	3416922	3416936	2R	9812	9826	+
U	3416937	3417013	2R	9828	9904	+
U	3417014	3417027	2R	9906	9919	+
U	3417029	3417143	2R	9920	10034	+
U	3417146	3417149	2R	10035	10038	+
U	3417151	3417263	2R	10039	10151	+
U	3417264	3417373	2R	10156	10265	+
U	3417374	3417474	2R	10267	10367	+
U	3417476	3417480	2R	10368	10372	+
U	3417481	3417492	2R	10374	10385	+
U	3417493	3417608	2R	10390	10505	+
U	3417612	3417619	2R	10506	10513	+
U	3417627	3417629	2R	10514	10516	+
U	3417651	3417811	2R	10517	10677	+
U	3417815	3417822	2R	10678	10685	+
U	3417823	3417827	2R	10687	10691	+
U	3417829	3417860	2R	10692	10723	+
U	3417862	3417959	2R	10724	10821	+
U	3417960	3417966	2R	10825	10831	+
U	3417967	3418128	2R	10860	11021	+
U	3418129	3418316	2R	11025	11212	+
U	3418317	3418320	2R	11214	11217	+
U	3418322	3418388	2R	11218	11284	+
U	3418391	3418392	2R	11285	11286	+
U	3418394	3418489	2R	11287	11382	+
U	3418491	3418495	2R	11383	11387	+
U	3418496	3418527	2R	11389	11420	+
U	3418528	3418740	2R	11422	11634	+
U	3418741	3418836	2R	11638	11733	+
U	3418837	3418841	2R	11735	11739	+
U	3418843	3418874	2R	11740	11771	+
U	3418876	3419014	2R	11772	11910	+
U	3419016	3419017	2R	11911	11912	+
U	3419018	3419173	2R	11914	12069	+
U	3419177	3419523	2R	12070	12416	+
U	3419524	3419750	2R	12420	12646	+
U	3419752	3419781	2R	12647	12676	+
U	3419783	3419904	2R	12677	12798	+
U	3419908	3419924	2R	12799	12815	+
U	3419926	3419931	2R	12816	12821	+
U	3419932	3419967	2R	12824	12859	+
U	3419969	3419972	2R	12860	12863	+
U	3419973	3420100	2R	12865	12992	+
U	3420101	3420130	2R	12994	13023	+
U	3420131	3420250	2R	13025	13144	+
U	3420251	3420483	2R	13148	13380	+
U	3420487	3420493	2R	13381	13387	+
U	3420522	3420686	2R	13388	13552	+
U	3420690	3420697	2R	13553	13560	+
U	3420698	3420702	2R	13562	13566	+
U	3420704	3420735	2R	13567	13598	+
U	3420737	3420834	2R	13599	13696	+
U	3420835	3420841	2R	13700	13706	+
U	3420842	3421003	2R	13735	13896	+
U	3421004	3421350	2R	13900	14246	+
U	3421354	3421700	2R	14247	14593	+
U	3421701	3429872	2R	14597	22768	+
U	3429874	3429957	2R	22769	22852	+
U	3429958	3429958	2R	22884	22884	+
U	3429959	3429983	2R	22886	22910	+
U	3429984	3430145	2R	22912	23073	+
U	3430147	3430148	2R	23074	23075	+
U	3430149	3430150	2R	23080	23081	+
U	3430151	3430160	2R	23083	23092	+
U	3430162	3430165	2R	23093	23096	+
U	3430169	3430172	2R	23097	23100	+
U	3430173	3430176	2R	23106	23109	+
U	3430177	3430178	2R	23111	23112	+
U	3430179	3430185	2R	23115	23121	+
U	3430186	3430196	2R	23124	23134	+
U	3430197	3430214	2R	23140	23157	+
U	3430216	3430233	2R	23158	23175	+
U	3430236	3430239	2R	23176	23179	+
U	3430240	3430240	2R	23181	23181	+
U	3430241	3430290	2R	23183	23232	+
U	3430291	3430295	2R	23234	23238	+
U	3430297	3430328	2R	23239	23270	+
U	3430330	3430407	2R	23271	23348	+
U	3430409	3430414	2R	23349	23354	+
U	3430415	3430420	2R	23356	23361	+
U	3694108	3695332	2R	1833746	1834970	-
U	3690888	3694106	2R	1834971	1838189	-
U	3680339	3685499	2R	1843174	1848334	-
U	3679404	3680337	2R	1848335	1849268	-
U	3678891	3679396	2R	1849269	1849774	-
U	4773378	4773400	2R	346727	346749	+
U	4773401	4773401	2R	346800	346800	+
U	4773402	4773604	2R	346802	347004	+
U	4773605	4774123	2R	347009	347527	+
U	5185425	5185542	2R	3761245	3761362	+
U	5185544	5185754	2R	3761363	3761573	+
U	5185756	5186041	2R	3761574	3761859	+
U	5186084	5186087	2R	3761860	3761863	+
U	5186096	5186219	2R	3774967	3775090	+
U	5186220	5186374	2R	3775092	3775246	+
U	5186377	5186440	2R	3775247	3775310	+
U	5186441	5188999	2R	3814225	3816783	+
U	5189000	5189006	2R	3816785	3816791	+
U	5189007	5189012	2R	3816793	3816798	+
U	5189013	5189032	2R	3816800	3816819	+
U	5189033	5189043	2R	3816821	3816831	+
U	5189044	5189069	2R	3816833	3816858	+
U	5189070	5189092	2R	3816860	3816882	+
U	5189094	5189910	2R	3816883	3817699	+
U	5203388	5203939	2R	3247304	3247855	-
U	5772272	5777545	2R	3818499	3823772	+
U	5777547	5777690	2R	3823773	3823916	+
U	5777692	5777702	2R	3823917	3823927	+
U	5893168	5893329	2R	3831705	3831866	-
U	5891026	5893166	2R	3831867	3834007	-
U	5891020	5891025	2R	3834009	3834014	-
U	5952843	5957305	2R	1838711	1843173	+
U	5957306	5957519	2R	1849818	1850031	+
U	5957521	5957622	2R	1850032	1850133	+
U	5981829	5986482	2R	4064070	4068723	+
U	6152844	6153454	2R	360263	360873	+
U	6154334	6154904	2R	361758	362328	+
U	6212338	6214743	2R	3250723	3253128	+
U	6215422	6215586	2R	3220962	3221126	+
U	6215588	6216073	2R	3221127	3221612	+
U	6216074	6216410	2R	3221645	3221981	+
U	6216411	6216415	2R	3226966	3226970	+
U	6214744	6214748	2R	3244406	3244410	+
U	6330528	6332467	2R	25273211	25275150	-
U	6330065	6330526	2R	25275152	25275613	-
U	6333996	6336580	2R	2465559	2468143	+
U	6336582	6337129	2R	2468144	2468691	+
U	6337130	6337816	2R	2468694	2469380	+
U	6403326	6403331	2R	1705887	1705892	-
U	6399640	6403325	2R	1705895	1709580	-
U	6558792	6559526	2R	25270695	25271429	-
U	6558705	6558791	2R	25271431	25271517	-
U	6744002	6747184	2R	42600	45782	+
U	7014072	7016929	2R	3787161	3790018	+
U	7168028	7168104	2R	170165	170241	+
U	7168106	7168606	2R	170243	170743	+
U	7168607	7169689	2R	170782	171864	+
U	7169690	7169719	2R	171866	171895	+
U	7169741	7170230	2R	171896	172385	+
U	7170231	7170670	2R	249539	249978	+
U	7167946	7167951	2R	286859	286864	+
U	7167952	7168027	2R	286866	286941	+
U	7209807	7209833	2R	4068724	4068750	+
U	7685468	7685681	2R	3242171	3242384	+
U	7685683	7686274	2R	3242385	3242976	+
U	7686276	7687704	2R	3242977	3244405	+
U	7872497	7872504	2R	25260081	25260088	-
U	7870423	7872496	2R	25260090	25262163	-
U	8528586	8530040	2R	3531101	3532555	+
U	8670913	8671513	2R	4114930	4115530	+
U	8671614	8672979	2R	3688631	3689996	+
U	8704931	8704935	2R	1129543	1129547	-
U	8704644	8704930	2R	1129549	1129835	-
U	8704475	8704640	2R	1129836	1130001	-
U	8704187	8704474	2R	1130003	1130290	-
U	8704182	8704186	2R	1130294	1130298	-
U	8703595	8704181	2R	1130302	1130888	-
U	8835370	8836144	2R	3839557	3840331	-
U	8835006	8835369	2R	3855408	3855771	-
U	8834875	8835005	2R	3840696	3840826	-
U	8834871	8834874	2R	3840828	3840831	-
U	8834865	8834870	2R	3840833	3840838	-
U	8939925	8941168	2R	3805533	3806776	+
U	8993394	8994624	2R	1144007	1145237	+
U	9217339	9218511	2R	2406107	2407279	-
U	9293201	9293376	2R	3843810	3843985	+
U	9293378	9294357	2R	3843986	3844965	+
U	9340795	9341082	2R	3963854	3964141	+
U	9341083	9341223	2R	3964147	3964287	+
U	9341281	9341369	2R	3964345	3964433	+
U	9341370	9341371	2R	3964440	3964441	+
U	9341372	9341941	2R	3964465	3965034	+
U	9341224	9341280	2R	3947227	3947283	+
U	3432656	3437259	2R	1533045	1537648	-
U	3431458	3432654	2R	1537650	1538846	-
U	3431111	3431454	2R	1538847	1539190	-
U	3431108	3431109	2R	1539191	1539192	-
U	3430532	3431106	2R	1539193	1539767	-
U	1053905	1109368	2R	1477581	1533044	+
U	1131370	1196677	2R	1543053	1608360	+
U	1196678	1210487	2R	1608362	1622171	+
U	1210489	1221379	2R	1622172	1633062	+
U	1226147	1293239	2R	1633123	1700215	+
U	1293340	1298196	2R	1700316	1705172	+
U	1303198	1399911	2R	1712629	1809342	+
U	1399914	1399914	2R	1809343	1809343	+
U	1399917	1400099	2R	1809344	1809526	+
U	1400107	1400175	2R	1809527	1809595	+
U	1400177	1400224	2R	1809596	1809643	+
U	1400226	1409942	2R	1809644	1819360	+
U	1409943	1413302	2R	1819362	1822721	+
U	1222531	1222583	2R	307605	307657	+
U	1223764	1224195	2R	308916	309347	+
U	1224197	1224408	2R	309348	309559	+
U	1224411	1224426	2R	309560	309575	+
U	1224427	1224517	2R	309577	309667	+
U	1224518	1224607	2R	309671	309760	+
U	1224608	1224619	2R	309762	309773	+
U	1224620	1224622	2R	309777	309779	+
U	1224623	1224672	2R	309781	309830	+
U	1224677	1224848	2R	309831	310002	+
U	1224849	1225017	2R	310004	310172	+
U	1225018	1225018	2R	310174	310174	+
U	1225019	1225038	2R	310180	310199	+
U	1225061	1225137	2R	310200	310276	+
U	1225139	1225237	2R	310277	310375	+
U	1225238	1225258	2R	310387	310407	+
U	1225259	1225377	2R	310409	310527	+
U	1225379	1225698	2R	310528	310847	+
U	1225699	1225777	2R	310856	310934	+
U	1225789	1225820	2R	310935	310966	+
U	1225821	1225891	2R	310969	311039	+
U	1225894	1226038	2R	311040	311184	+
U	1226039	1226096	2R	311194	311251	+
U	1226118	1226146	2R	311252	311280	+
U	3838220	3841166	Un_CP007071v1	1	2947	+
U	3848053	3849290	Un_CP007071v1	11625	12862	+
U	3849624	3851248	Un_CP007071v1	13196	14820	+
U	6063277	6063285	Un_CP007071v1	17081	17089	-
U	6063247	6063263	Un_CP007071v1	17103	17119	-
U	6063230	6063245	Un_CP007071v1	17121	17136	-
U	6063210	6063228	Un_CP007071v1	17138	17156	-
U	8712234	8712439	Un_CP007071v1	8356	8561	+
U	8712441	8713572	Un_CP007071v1	8562	9693	+
U	2143982	2145113	Un_CP007074v1	19900	21031	+
U	2145122	2145264	Un_CP007074v1	21032	21174	+
U	3017571	3020049	Un_CP007074v1	5195	7673	+
U	3020050	3020055	Un_CP007074v1	7675	7680	+
U	3020076	3023401	Un_CP007074v1	8146	11471	+
U	3023402	3026764	Un_CP007074v1	11473	14835	+
U	3026785	3031606	Un_CP007074v1	15025	19846	+
U	3033875	3039320	Un_CP007074v1	22139	27584	+
U	3352836	3357169	Un_CP007074v1	45476	49809	+
U	3357171	3358270	Un_CP007074v1	49810	50909	+
U	3358271	3358344	Un_CP007074v1	50911	50984	+
U	3358890	3360769	Un_CP007074v1	50985	52864	+
U	3365231	3372255	Un_CP007074v1	56649	63673	+
U	3372256	3372261	Un_CP007074v1	63675	63680	+
U	3358365	3358449	Un_CP007074v1	54534	54618	+
U	3358450	3358814	Un_CP007074v1	54620	54984	+
U	6343621	6344316	Un_CP007074v1	30353	31048	-
U	7883498	7885569	Un_CP007074v1	42318	44389	-
U	9329560	9330076	Un_CP007074v1	32934	33450	+
U	9330077	9330709	Un_CP007074v1	33468	34100	+
U	9378119	9378698	Un_CP007074v1	1760	2339	+
U	9378700	9379258	Un_CP007074v1	2340	2898	+
U	3003762	3003942	X_CP007103v1_random	13955	14135	+
U	3003943	3003993	X_CP007103v1_random	14143	14193	+
U	3004024	3004821	X_CP007103v1_random	14194	14991	+
U	3004833	3004833	X_CP007103v1_random	14992	14992	+
U	3004836	3005168	X_CP007103v1_random	14993	15325	+
U	4210878	4210916	X_CP007103v1_random	10088	10126	-
U	4210776	4210877	X_CP007103v1_random	10128	10229	-
U	4209753	4210774	X_CP007103v1_random	10230	11251	-
U	4209346	4209751	X_CP007103v1_random	11252	11657	-
U	4208198	4209344	X_CP007103v1_random	11658	12804	-
U	4208188	4208197	X_CP007103v1_random	12806	12815	-
U	4198466	4198469	X_CP007103v1_random	22072	22075	-
U	4197396	4198465	X_CP007103v1_random	22077	23146	-
U	3227829	3227946	Un_CP007076v1	64517	64634	-
U	3227478	3227828	Un_CP007076v1	64647	64997	-
U	3259166	3262863	Un_CP007076v1	11322	15019	+
U	3269204	3270696	Un_CP007076v1	32335	33827	+
U	3372365	3373396	Un_CP007076v1	20958	21989	+
U	3383913	3389187	Un_CP007076v1	57831	63105	+
U	3389188	3389194	Un_CP007076v1	63107	63113	+
U	3389215	3391765	Un_CP007076v1	83437	85987	+
U	3382040	3382159	Un_CP007076v1	81487	81606	+
U	3382179	3383883	Un_CP007076v1	81626	83330	+
U	4714422	4714428	Un_CP007076v1	4520	4526	+
U	4714429	4714969	Un_CP007076v1	4528	5068	+
U	4715209	4715454	Un_CP007076v1	5308	5553	+
U	4715618	4716194	Un_CP007076v1	5764	6340	+
U	4716756	4716797	Un_CP007076v1	6902	6943	+
U	5282370	5283506	Un_CP007076v1	18108	19244	+
U	8425349	8426250	Un_CP007076v1	19245	20146	+
U	8426252	8426316	Un_CP007076v1	20147	20211	+
U	8811294	8811754	Un_CP007076v1	72690	73150	+
U	8811760	8812409	Un_CP007076v1	73151	73800	+
U	8812411	8812586	Un_CP007076v1	73801	73976	+
U	8938580	8939006	Un_CP007076v1	1495	1921	+
U	8939008	8939214	Un_CP007076v1	1922	2128	+
U	8939217	8939709	Un_CP007076v1	2129	2621	+
U	8939714	8939722	Un_CP007076v1	2622	2630	+
U	8939723	8939814	Un_CP007076v1	2634	2725	+
U	8939816	8939824	Un_CP007076v1	2726	2734	+
U	9101389	9102591	Un_CP007076v1	24627	25829	-
U	9309525	9309529	Un_CP007076v1	15920	15924	+
U	9309530	9310130	Un_CP007076v1	15926	16526	+
U	9310131	9310138	Un_CP007076v1	16530	16537	+
U	9350523	9350668	Un_CP007076v1	40395	40540	-
U	9350514	9350515	Un_CP007076v1	40541	40542	-
U	9350378	9350503	Un_CP007076v1	40543	40668	-
U	9350192	9350377	Un_CP007076v1	40689	40874	-
U	9359487	9360056	Un_CP007076v1	74374	74943	+
U	9360057	9360630	Un_CP007076v1	74993	75566	+
U	9633063	9634061	Un_CP007076v1	80393	81391	+
U	9634063	9634138	Un_CP007076v1	81392	81467	+
U	9634140	9634148	Un_CP007076v1	81468	81476	+
U	9849312	9849332	Un_CP007076v1	68919	68939	-
U	9849210	9849310	Un_CP007076v1	68940	69040	-
U	9849192	9849208	Un_CP007076v1	69041	69057	-
U	9848290	9849190	Un_CP007076v1	69058	69958	-
U	9864749	9864961	Un_CP007076v1	78449	78661	-
U	9864734	9864735	Un_CP007076v1	78662	78663	-
U	9864276	9864730	Un_CP007076v1	78664	79118	-
U	9959185	9959196	Un_CP007076v1	77667	77678	-
U	2254058	2254078	Un_CP007079v1	21922	21942	+
U	2254080	2254113	Un_CP007079v1	21943	21976	+
U	2254114	2254136	Un_CP007079v1	21978	22000	+
U	2254138	2254148	Un_CP007079v1	22001	22011	+
U	2254150	2254160	Un_CP007079v1	22012	22022	+
U	2254162	2254183	Un_CP007079v1	22023	22044	+
U	2254185	2254195	Un_CP007079v1	22045	22055	+
U	2254197	2254207	Un_CP007079v1	22056	22066	+
U	2254209	2254219	Un_CP007079v1	22067	22077	+
U	2254221	2254231	Un_CP007079v1	22078	22088	+
U	2254233	2254265	Un_CP007079v1	22089	22121	+
U	2254267	2254275	Un_CP007079v1	22122	22130	+
U	2254277	2254322	Un_CP007079v1	22131	22176	+
U	2254323	2254343	Un_CP007079v1	22189	22209	+
U	2254345	2254433	Un_CP007079v1	22210	22298	+
U	2254434	2254500	Un_CP007079v1	22311	22377	+
U	2254501	2254513	Un_CP007079v1	22390	22402	+
U	2254514	2254526	Un_CP007079v1	22414	22426	+
U	2254527	2254591	Un_CP007079v1	22428	22492	+
U	2254592	2254616	Un_CP007079v1	22494	22518	+
U	2254617	2254691	Un_CP007079v1	22530	22604	+
U	2254693	2254714	Un_CP007079v1	22605	22626	+
U	2254716	2254738	Un_CP007079v1	22627	22649	+
U	2254740	2254750	Un_CP007079v1	22650	22660	+
U	2254752	2254764	Un_CP007079v1	22661	22673	+
U	2254765	2254773	Un_CP007079v1	22685	22693	+
U	2254774	2254808	Un_CP007079v1	22705	22739	+
U	2254809	2254819	Un_CP007079v1	22752	22762	+
U	2254821	2254831	Un_CP007079v1	22763	22773	+
U	2254833	2254879	Un_CP007079v1	22774	22820	+
U	2254880	2254890	Un_CP007079v1	22822	22832	+
U	2254891	2254912	Un_CP007079v1	22834	22855	+
U	2254913	2254914	Un_CP007079v1	22857	22858	+
U	2254915	2254969	Un_CP007079v1	22868	22922	+
U	2254971	2254981	Un_CP007079v1	22923	22933	+
U	2254983	2254993	Un_CP007079v1	22934	22944	+
U	2254995	2255005	Un_CP007079v1	22945	22955	+
U	2255007	2255019	Un_CP007079v1	22956	22968	+
U	2255021	2255051	Un_CP007079v1	22969	22999	+
U	2255053	2255063	Un_CP007079v1	23000	23010	+
U	2255065	2255075	Un_CP007079v1	23011	23021	+
U	2255077	2255087	Un_CP007079v1	23022	23032	+
U	2255089	2255092	Un_CP007079v1	23033	23036	+
U	2738352	2738355	Un_CP007077v1	12850	12853	+
U	2738356	2738366	Un_CP007077v1	12855	12865	+
U	2738367	2738377	Un_CP007077v1	12867	12877	+
U	2738378	2738443	Un_CP007077v1	12879	12944	+
U	2738451	2738461	Un_CP007077v1	12945	12955	+
U	2738463	2738464	Un_CP007077v1	12956	12957	+
U	2738466	2738474	Un_CP007077v1	12958	12966	+
U	2738476	2738486	Un_CP007077v1	12967	12977	+
U	2738488	2738562	Un_CP007077v1	12978	13052	+
U	2738564	2738574	Un_CP007077v1	13053	13063	+
U	2738576	2738622	Un_CP007077v1	13064	13110	+
U	2738623	2738663	Un_CP007077v1	13112	13152	+
U	2738664	2738707	Un_CP007077v1	13154	13197	+
U	2738709	2738719	Un_CP007077v1	13198	13208	+
U	2738721	2738797	Un_CP007077v1	13209	13285	+
U	2738799	2738875	Un_CP007077v1	13286	13362	+
U	2738876	2738886	Un_CP007077v1	13370	13380	+
U	2738887	2738897	Un_CP007077v1	13394	13404	+
U	2738898	2739008	Un_CP007077v1	13406	13516	+
U	2739010	2739141	Un_CP007077v1	13517	13648	+
U	2739142	2739284	Un_CP007077v1	13656	13798	+
U	2739285	2739290	Un_CP007077v1	13804	13809	+
U	2739292	2739302	Un_CP007077v1	13810	13820	+
U	2739304	2739313	Un_CP007077v1	13821	13830	+
U	2739315	2739326	Un_CP007077v1	13831	13842	+
U	2739328	2739338	Un_CP007077v1	13843	13853	+
U	2739340	2739372	Un_CP007077v1	13854	13886	+
U	2739374	2739384	Un_CP007077v1	13887	13897	+
U	2739386	2739506	Un_CP007077v1	13898	14018	+
U	2739508	2739518	Un_CP007077v1	14019	14029	+
U	2739520	2739530	Un_CP007077v1	14030	14040	+
U	2739531	2739541	Un_CP007077v1	14042	14052	+
U	2739542	2739563	Un_CP007077v1	14054	14075	+
U	2739569	2739574	Un_CP007077v1	14076	14081	+
U	2739575	2739585	Un_CP007077v1	14083	14093	+
U	2739586	2739674	Un_CP007077v1	14095	14183	+
U	2739675	2739828	Un_CP007077v1	14191	14344	+
U	2739829	2739851	Un_CP007077v1	14346	14368	+
U	2739852	2739857	Un_CP007077v1	14374	14379	+
U	2739859	2739869	Un_CP007077v1	14380	14390	+
U	2739871	2739881	Un_CP007077v1	14391	14401	+
U	2739883	2739892	Un_CP007077v1	14402	14411	+
U	2739894	2739917	Un_CP007077v1	14412	14435	+
U	2739919	2739951	Un_CP007077v1	14436	14468	+
U	2739953	2739963	Un_CP007077v1	14469	14479	+
U	2739965	2740085	Un_CP007077v1	14480	14600	+
U	2740087	2740097	Un_CP007077v1	14601	14611	+
U	2740099	2740175	Un_CP007077v1	14612	14688	+
U	2740177	2740198	Un_CP007077v1	14689	14710	+
U	2740199	2740209	Un_CP007077v1	14712	14722	+
U	2740210	2740297	Un_CP007077v1	14724	14811	+
U	2740298	2740303	Un_CP007077v1	14817	14822	+
U	2740305	2740315	Un_CP007077v1	14823	14833	+
U	2740317	2740329	Un_CP007077v1	14834	14846	+
U	2740331	2740339	Un_CP007077v1	14847	14855	+
U	2740341	2740391	Un_CP007077v1	14856	14906	+
U	2740393	2740404	Un_CP007077v1	14907	14918	+
U	2740405	2740427	Un_CP007077v1	14929	14951	+
U	2740429	2740527	Un_CP007077v1	14952	15050	+
U	2740528	2740538	Un_CP007077v1	15058	15068	+
U	2740539	2740549	Un_CP007077v1	15070	15080	+
U	2740550	2740560	Un_CP007077v1	15082	15092	+
U	2740561	2740681	Un_CP007077v1	15094	15214	+
U	2740683	2740791	Un_CP007077v1	15215	15323	+
U	2740792	2740803	Un_CP007077v1	15325	15336	+
U	2740809	2740826	Un_CP007077v1	15337	15354	+
U	2740827	2740837	Un_CP007077v1	15356	15366	+
U	2740838	2740847	Un_CP007077v1	15368	15377	+
U	2740848	2740859	Un_CP007077v1	15379	15390	+
U	2740860	2740869	Un_CP007077v1	15392	15401	+
U	2740870	2740903	Un_CP007077v1	15403	15436	+
U	2740904	2740914	Un_CP007077v1	15438	15448	+
U	2740915	2741068	Un_CP007077v1	15450	15603	+
U	2741070	2741080	Un_CP007077v1	15604	15614	+
U	2741082	2741116	Un_CP007077v1	15615	15649	+
U	2741118	2741128	Un_CP007077v1	15650	15660	+
U	2741130	2746950	Un_CP007077v1	15661	21481	+
U	2746951	2746967	Un_CP007077v1	21494	21510	+
U	2746968	2746972	Un_CP007077v1	21512	21516	+
U	2746973	2746998	Un_CP007077v1	21518	21543	+
U	2746999	2746999	Un_CP007077v1	21549	21549	+
U	2747000	2747001	Un_CP007077v1	21552	21553	+
U	2747002	2747052	Un_CP007077v1	21557	21607	+
U	2747053	2747109	Un_CP007077v1	21609	21665	+
U	2747110	2747168	Un_CP007077v1	21667	21725	+
U	2747170	2747201	Un_CP007077v1	21726	21757	+
U	2747202	2747212	Un_CP007077v1	21759	21769	+
U	2747213	2747223	Un_CP007077v1	21771	21781	+
U	2747224	2747245	Un_CP007077v1	21783	21804	+
U	2747246	2747267	Un_CP007077v1	21806	21827	+
U	2747269	2747275	Un_CP007077v1	21828	21834	+
U	2747278	2747292	Un_CP007077v1	21835	21849	+
U	2747294	2747334	Un_CP007077v1	21850	21890	+
U	2747336	2747339	Un_CP007077v1	21891	21894	+
U	2747341	2747351	Un_CP007077v1	21895	21905	+
U	2747353	2747387	Un_CP007077v1	21906	21940	+
U	2747388	2747389	Un_CP007077v1	21946	21947	+
U	2747390	2747399	Un_CP007077v1	21953	21962	+
U	2747401	2747436	Un_CP007077v1	21963	21998	+
U	2747438	2747457	Un_CP007077v1	21999	22018	+
U	2747459	2747471	Un_CP007077v1	22019	22031	+
U	2747473	2747495	Un_CP007077v1	22032	22054	+
U	2747496	2747497	Un_CP007077v1	22062	22063	+
U	2747498	2747520	Un_CP007077v1	22067	22089	+
U	2747521	2747547	Un_CP007077v1	22096	22122	+
U	2747548	2747551	Un_CP007077v1	22133	22136	+
U	2747554	2747576	Un_CP007077v1	22137	22159	+
U	2747577	2747598	Un_CP007077v1	22161	22182	+
U	3206317	3207631	Un_CP007078v1	554	1868	+
U	3215483	3218122	Un_CP007078v1	10052	12691	+
U	3226847	3227477	Un_CP007078v1	21507	22137	+
U	3382160	3382178	Un_CP007078v1	9454	9472	-
U	5046636	5048102	Un_CP007078v1	7726	9192	+
U	1048831	1049957	Un_CP007078v1	13656	14782	-
U	1048714	1048821	Un_CP007078v1	14783	14890	-
U	1488072	1493588	Un_CP007080v1	12472	17988	+
U	1493591	1507916	Un_CP007080v1	17989	32314	+
U	1510374	1514804	Un_CP007080v1	34771	39201	+
U	1516928	1517084	Un_CP007080v1	40701	40857	+
U	1517085	1542708	Un_CP007080v1	40859	66482	+
U	3956414	3957644	Un_CP007080v1	69253	70483	-
U	3952632	3956407	Un_CP007080v1	70490	74265	-
U	3951963	3952630	Un_CP007080v1	74266	74933	-
U	3946765	3946863	Un_CP007080v1	80401	80499	-
U	3944708	3946763	Un_CP007080v1	80500	82555	-
U	3943018	3944602	Un_CP007080v1	82696	84280	-
U	3943005	3943017	Un_CP007080v1	84282	84294	-
U	5123477	5123483	Un_CP007080v1	67534	67540	+
U	7601975	7602324	Un_CP007080v1	11723	12072	+
U	7602326	7602724	Un_CP007080v1	12073	12471	+
U	8442778	8442866	Un_CP007080v1	1799	1887	+
U	8443091	8443096	Un_CP007080v1	2110	2115	+
U	8693479	8693986	Un_CP007080v1	10807	11314	+
U	9848183	9848189	Un_CP007080v1	553	559	-
U	9848148	9848181	Un_CP007080v1	560	593	-
U	9847147	9848146	Un_CP007080v1	594	1593	-
U	4706699	4707366	Un_CP007083v1	7208	7875	-
U	5190011	5191171	Un_CP007083v1	2910	4070	+
U	5198030	5199132	Un_CP007083v1	11774	12876	+
U	5199133	5200693	Un_CP007083v1	12878	14438	+
U	5200694	5200696	Un_CP007083v1	14440	14442	+
U	5200697	5202423	Un_CP007083v1	14444	16170	+
U	7635624	7637918	Un_CP007083v1	9479	11773	-
U	1893536	1897444	Un_CP007081v1	40184	44092	+
U	1897446	1942121	Un_CP007081v1	44093	88768	+
U	2293463	2330456	Un_CP007081v1	1040	38033	+
U	2330458	2330500	Un_CP007081v1	38034	38076	+
U	2330502	2330549	Un_CP007081v1	38077	38124	+
U	2330551	2330761	Un_CP007081v1	38125	38335	+
U	2330762	2332370	Un_CP007081v1	38337	39945	+
U	4716195	4716755	Un_CP007082v1	13641	14201	-
U	4705209	4706698	Un_CP007082v1	23886	25375	-
U	4705174	4705207	Un_CP007082v1	25376	25409	-
U	4714970	4715208	Un_CP007082v1	1	239	-
U	5202424	5202812	Un_CP007082v1	32161	32549	+
U	7318874	7318991	Un_CP007082v1	20315	20432	+
U	7318993	7319067	Un_CP007082v1	20433	20507	+
U	7319069	7319759	Un_CP007082v1	20508	21198	+
U	7319760	7321441	Un_CP007082v1	21200	22881	+
U	7321442	7321446	Un_CP007082v1	22883	22887	+
U	8361007	8361082	Un_CP007082v1	8320	8395	+
U	8361084	8362505	Un_CP007082v1	8396	9817	+
U	8362507	8362627	Un_CP007082v1	9818	9938	+
U	9798961	9800011	Un_CP007082v1	16272	17322	+
U	4693378	4705073	Un_CP007085v1	17255	28950	-
U	9962957	9963562	Un_CP007085v1	13436	14041	-
U	9962950	9962955	Un_CP007085v1	14042	14047	-
U	9962544	9962948	Un_CP007085v1	14048	14452	-
U	4128520	4128543	Un_CP007088v1	9404	9427	-
U	4127530	4128519	Un_CP007088v1	9429	10418	-
U	4127492	4127528	Un_CP007088v1	10419	10455	-
U	4127358	4127457	Un_CP007088v1	10456	10555	-
U	4126238	4127356	Un_CP007088v1	10556	11674	-
U	4124890	4126030	Un_CP007088v1	11927	13067	-
U	4124835	4124888	Un_CP007088v1	13068	13121	-
U	4116242	4116346	Un_CP007088v1	22627	22731	-
U	4115510	4115814	Un_CP007088v1	23159	23463	-
U	4115321	4115509	Un_CP007088v1	23465	23653	-
U	4114725	4115320	Un_CP007088v1	26188	26783	-
U	4115815	4116241	Un_CP007088v1	25266	25692	-
U	4116510	4116546	Un_CP007088v1	28227	28263	-
U	4114686	4114711	Un_CP007088v1	24263	24288	-
U	6311406	6311471	Un_CP007088v1	4182	4247	+
U	6311472	6311472	Un_CP007088v1	4250	4250	+
U	6311473	6311636	Un_CP007088v1	4252	4415	+
U	6311637	6311638	Un_CP007088v1	4417	4418	+
U	6311639	6311640	Un_CP007088v1	4422	4423	+
U	6311641	6311900	Un_CP007088v1	4427	4686	+
U	6311902	6311905	Un_CP007088v1	4687	4690	+
U	6311907	6311917	Un_CP007088v1	4691	4701	+
U	7230381	7230667	Un_CP007088v1	3858	4144	-
U	8628666	8628697	Un_CP007088v1	2473	2504	-
U	8627314	8628665	Un_CP007088v1	2506	3857	-
U	9299484	9300438	Un_CP007088v1	5400	6354	+
U	9300440	9300639	Un_CP007088v1	6355	6554	+
U	9642036	9642442	Un_CP007088v1	14629	15035	-
U	9641938	9642035	Un_CP007088v1	15038	15135	-
U	9641706	9641935	Un_CP007088v1	15325	15554	-
U	9641696	9641704	Un_CP007088v1	15555	15563	-
U	9720652	9720860	Un_CP007088v1	17930	18138	+
U	9720876	9721199	Un_CP007088v1	18139	18462	+
U	9749242	9750169	Un_CP007088v1	16137	17064	+
U	9750171	9750303	Un_CP007088v1	17065	17197	+
U	10028633	10029191	Un_CP007088v1	18845	19403	-
U	10028624	10028632	Un_CP007088v1	19413	19421	-
U	10028621	10028623	Un_CP007088v1	19429	19431	-
U	10028618	10028620	Un_CP007088v1	19433	19435	-
U	10028615	10028617	Un_CP007088v1	19447	19449	-
U	10028613	10028614	Un_CP007088v1	19462	19463	-
U	10028187	10028612	Un_CP007088v1	19465	19890	-
U	1293240	1293327	Un_CP007088v1	21728	21815	-
U	1293328	1293339	Un_CP007088v1	24250	24261	-
U	4738982	4740025	Un_CP007084v1	11625	12668	-
U	4738963	4738980	Un_CP007084v1	12669	12686	-
U	4738929	4738962	Un_CP007084v1	12688	12721	-
U	4738878	4738927	Un_CP007084v1	12722	12771	-
U	4728520	4729777	Un_CP007084v1	20845	22102	-
U	5084564	5087667	Un_CP007084v1	24496	27599	+
U	5094582	5097845	Un_CP007084v1	34768	38031	+
U	5097995	5098038	Un_CP007084v1	38202	38245	+
U	5098041	5098088	Un_CP007084v1	38246	38293	+
U	5098090	5101491	Un_CP007084v1	38294	41695	+
U	5103677	5107731	Un_CP007084v1	43645	47699	+
U	5108099	5108146	Un_CP007084v1	48916	48963	+
U	5108147	5109263	Un_CP007084v1	48965	50081	+
U	5109283	5111483	Un_CP007084v1	50082	52282	+
U	5118383	5119073	Un_CP007084v1	59423	60113	+
U	5119075	5121531	Un_CP007084v1	60114	62570	+
U	7295530	7295555	Un_CP007084v1	20819	20844	-
U	7953997	7956000	Un_CP007084v1	31720	33723	+
U	8723927	8725056	Un_CP007084v1	41696	42825	+
U	8998715	8999943	Un_CP007084v1	57029	58257	+
U	9075269	9075272	Un_CP007084v1	460	463	+
U	9075273	9075277	Un_CP007084v1	465	469	+
U	9075278	9075279	Un_CP007084v1	471	472	+
U	9075280	9075331	Un_CP007084v1	474	525	+
U	9075333	9075335	Un_CP007084v1	526	528	+
U	9075336	9075820	Un_CP007084v1	530	1014	+
U	9075821	9075980	Un_CP007084v1	1017	1176	+
U	9075983	9076022	Un_CP007084v1	1177	1216	+
U	9076023	9076477	Un_CP007084v1	1218	1672	+
U	9923237	9924264	Un_CP007084v1	52472	53499	-
U	3381990	3382039	Un_CP007089v1	15251	15300	-
U	3381970	3381989	Un_CP007089v1	15308	15327	-
U	3381910	3381969	Un_CP007089v1	15329	15388	-
U	5033023	5033184	Un_CP007089v1	8589	8750	+
U	5033186	5035042	Un_CP007089v1	8751	10607	+
U	5035096	5037708	Un_CP007089v1	10707	13319	+
U	3592879	3593036	Un_CP007087v1	4546	4703	+
U	3593046	3593046	Un_CP007087v1	4704	4704	+
U	3593056	3593057	Un_CP007087v1	4705	4706	+
U	3593067	3593068	Un_CP007087v1	4707	4708	+
U	3593075	3593081	Un_CP007087v1	4709	4715	+
U	3593087	3593087	Un_CP007087v1	4716	4716	+
U	3593092	3593093	Un_CP007087v1	4717	4718	+
U	3593099	3593171	Un_CP007087v1	4719	4791	+
U	3593181	3593183	Un_CP007087v1	4792	4794	+
U	3593185	3593185	Un_CP007087v1	4795	4795	+
U	3593189	3593196	Un_CP007087v1	4796	4803	+
U	3593197	3593198	Un_CP007087v1	4805	4806	+
U	3593200	3593235	Un_CP007087v1	4807	4842	+
U	3593237	3593244	Un_CP007087v1	4843	4850	+
U	3593246	3593265	Un_CP007087v1	4851	4870	+
U	3593285	3593286	Un_CP007087v1	4871	4872	+
U	3593294	3593316	Un_CP007087v1	4873	4895	+
U	3593332	3593333	Un_CP007087v1	4896	4897	+
U	3593336	3593339	Un_CP007087v1	4898	4901	+
U	3593343	3593347	Un_CP007087v1	4902	4906	+
U	3593360	3593489	Un_CP007087v1	4907	5036	+
U	3593495	3593497	Un_CP007087v1	5037	5039	+
U	3593499	3593502	Un_CP007087v1	5040	5043	+
U	3593514	3593653	Un_CP007087v1	5044	5183	+
U	3593654	3593788	Un_CP007087v1	1	135	+
U	3593790	3594427	Un_CP007087v1	137	774	+
U	4331976	4332380	Un_CP007087v1	18678	19082	+
U	4332382	4333332	Un_CP007087v1	19083	20033	+
U	4333336	4333420	Un_CP007087v1	20034	20118	+
U	4333798	4333951	Un_CP007087v1	20496	20649	+
U	4333952	4334356	Un_CP007087v1	27336	27740	+
U	4340386	4340397	Un_CP007087v1	33672	33683	+
U	4340398	4342990	Un_CP007087v1	33685	36277	+
U	4342991	4343039	Un_CP007087v1	11630	11678	+
U	4343041	4343237	Un_CP007087v1	11679	11875	+
U	4343238	4344137	Un_CP007087v1	11877	12776	+
U	4344159	4344160	Un_CP007087v1	12777	12778	+
U	4344163	4344737	Un_CP007087v1	12779	13353	+
U	4331713	4331881	Un_CP007087v1	24915	25083	+
U	7002231	7003101	Un_CP007087v1	37452	38322	+
U	7003103	7003571	Un_CP007087v1	38323	38791	+
U	7003573	7003574	Un_CP007087v1	38792	38793	+
U	7003576	7005093	Un_CP007087v1	38794	40311	+
U	7377135	7377139	Un_CP007087v1	1746	1750	-
U	7374618	7377134	Un_CP007087v1	1752	4268	-
U	9697897	9698058	Un_CP007087v1	15610	15771	+
U	9698060	9698948	Un_CP007087v1	15772	16660	+
U	9698950	9698968	Un_CP007087v1	16661	16679	+
U	9951341	9951638	Un_CP007087v1	10466	10763	+
U	9951640	9951725	Un_CP007087v1	10764	10849	+
U	9951726	9951865	Un_CP007087v1	10851	10990	+
U	9951866	9952136	Un_CP007087v1	11001	11271	+
U	9952138	9952361	Un_CP007087v1	11272	11495	+
U	2576065	2576776	Un_CP007090v1	779	1490	+
U	2578774	2580002	Un_CP007090v1	14896	16124	+
U	2580023	2582378	Un_CP007090v1	28261	30616	+
U	2582404	2585121	Un_CP007090v1	30617	33334	+
U	2603488	2605380	Un_CP007090v1	48920	50812	+
U	2592257	2592417	Un_CP007090v1	12262	12422	+
U	3393461	3393477	Un_CP007090v1	13317	13333	-
U	3393311	3393460	Un_CP007090v1	13340	13489	-
U	3392846	3393294	Un_CP007090v1	13490	13938	-
U	6571194	6571270	Un_CP007090v1	46804	46880	-
U	6570405	6571192	Un_CP007090v1	46881	47668	-
U	7704296	7705377	Un_CP007090v1	42746	43827	-
U	7704128	7704295	Un_CP007090v1	43836	44003	-
U	8554631	8554750	Un_CP007090v1	44991	45110	-
U	8553318	8554630	Un_CP007090v1	45112	46424	-
U	8607930	8608039	Un_CP007090v1	11334	11443	+
U	8608041	8608304	Un_CP007090v1	11444	11707	+
U	8958581	8958595	Un_CP007090v1	40526	40540	-
U	8958205	8958579	Un_CP007090v1	40541	40915	-
U	8958193	8958204	Un_CP007090v1	50813	50824	-
U	8958088	8958189	Un_CP007090v1	50825	50926	-
U	8958048	8958081	Un_CP007090v1	50927	50960	-
U	8957919	8958046	Un_CP007090v1	50961	51088	-
U	8957821	8957884	Un_CP007090v1	51089	51152	-
U	8957539	8957820	Un_CP007090v1	51159	51440	-
U	8957527	8957538	Un_CP007090v1	51446	51457	-
U	9181523	9181770	Un_CP007090v1	8999	9246	+
U	9181771	9182356	Un_CP007090v1	17046	17631	+
U	9182357	9182589	Un_CP007090v1	9833	10065	+
U	9182590	9182706	Un_CP007090v1	4493	4609	+
U	9803565	9803700	Un_CP007090v1	54696	54831	+
U	9803710	9804019	Un_CP007090v1	54832	55141	+
U	9804021	9804043	Un_CP007090v1	55142	55164	+
U	9804044	9804044	Un_CP007090v1	55174	55174	+
U	9804045	9804048	Un_CP007090v1	55178	55181	+
U	9804049	9804357	Un_CP007090v1	55183	55491	+
U	9804359	9804614	Un_CP007090v1	55492	55747	+
U	9884761	9885795	Un_CP007090v1	41059	42093	+
U	9968494	9968762	Un_CP007090v1	44004	44272	-
U	9968139	9968488	Un_CP007090v1	44273	44622	-
U	2808841	2810461	Un_CP007091v1	1	1621	+
U	2810651	2813935	Un_CP007091v1	1718	5002	+
U	2817982	2817986	Un_CP007091v1	9362	9366	+
U	2817987	2818228	Un_CP007091v1	9368	9609	+
U	2818231	2824710	Un_CP007091v1	9610	16089	+
U	2831080	2834848	Un_CP007091v1	16090	19858	+
U	3039421	3040701	Un_CP007092v1	9671	10951	+
U	3041061	3043092	Un_CP007092v1	11459	13490	+
U	3051777	3051782	Un_CP007092v1	14048	14053	+
U	3051954	3054709	Un_CP007092v1	14225	16980	+
U	3061223	3061226	Un_CP007092v1	16993	16996	+
U	3061227	3061794	Un_CP007092v1	16998	17565	+
U	3061795	3062037	Un_CP007092v1	17567	17809	+
U	3062039	3063306	Un_CP007092v1	17810	19077	+
U	3063307	3063917	Un_CP007092v1	22198	22808	+
U	3063919	3064061	Un_CP007092v1	22809	22951	+
U	3774966	3775178	Un_CP007092v1	6899	7111	-
U	8775907	8775948	Un_CP007092v1	7178	7219	+
U	8775949	8776180	Un_CP007092v1	7224	7455	+
U	8782865	8783210	Un_CP007092v1	13491	13836	-
U	8782848	8782863	Un_CP007092v1	13837	13852	-
U	8782823	8782846	Un_CP007092v1	13853	13876	-
U	8782651	8782821	Un_CP007092v1	13877	14047	-
U	8781907	8782077	Un_CP007092v1	14054	14224	-
U	9269129	9269173	Un_CP007092v1	4604	4648	-
U	9269044	9269127	Un_CP007092v1	4649	4732	-
U	9269030	9269042	Un_CP007092v1	4733	4745	-
U	9268014	9269028	Un_CP007092v1	4746	5760	-
U	3695434	3699010	Un_CP007095v1	4283	7859	+
U	3699011	3701901	Un_CP007095v1	7861	10751	+
U	3702298	3702301	Un_CP007095v1	10956	10959	+
U	3702303	3702786	Un_CP007095v1	10960	11443	+
U	3702788	3702899	Un_CP007095v1	11444	11555	+
U	3702900	3702942	Un_CP007095v1	11557	11599	+
U	3705995	3706006	Un_CP007095v1	20043	20054	+
U	3706007	3711358	Un_CP007095v1	20056	25407	+
U	3711360	3711376	Un_CP007095v1	25408	25424	+
U	3711378	3711474	Un_CP007095v1	25425	25521	+
U	3711476	3711496	Un_CP007095v1	25522	25542	+
U	3711498	3711515	Un_CP007095v1	25543	25560	+
U	3628676	3629703	Un_CP007093v1	2762	3789	+
U	3629704	3631023	Un_CP007093v1	3791	5110	+
U	3631025	3631308	Un_CP007093v1	5111	5394	+
U	3631309	3631339	Un_CP007093v1	5396	5426	+
U	3639935	3642592	Un_CP007093v1	9247	11904	+
U	3642594	3642856	Un_CP007093v1	11905	12167	+
U	3642857	3645430	Un_CP007093v1	12169	14742	+
U	3743843	3744956	Un_CP007096v1	9403	10516	+
U	3744958	3747524	Un_CP007096v1	10517	13083	+
U	3756822	3759018	Un_CP007096v1	23425	25621	+
U	3759020	3759338	Un_CP007096v1	25622	25940	+
U	3759340	3759514	Un_CP007096v1	25941	26115	+
U	6392023	6392043	Un_CP007096v1	4493	4513	+
U	8536349	8537798	Un_CP007096v1	7953	9402	+
U	9021269	9021705	Un_CP007096v1	13084	13520	+
U	650580	653316	Un_CP007097v1	4119	6855	-
U	4012075	4014466	Un_CP007097v1	9782	12173	+
U	4014468	4015749	Un_CP007097v1	12174	13455	+
U	9631961	9632530	Un_CP007097v1	6856	7425	-
U	9631906	9631959	Un_CP007097v1	7426	7479	-
U	9631892	9631905	Un_CP007097v1	7481	7494	-
U	9631878	9631891	Un_CP007097v1	7496	7509	-
U	4535210	4536530	Un_CP007098v1	8180	9500	+
U	4536531	4536589	Un_CP007098v1	9502	9560	+
U	4536591	4536708	Un_CP007098v1	9561	9678	+
U	4536730	4536923	Un_CP007098v1	9679	9872	+
U	4544470	4544479	Un_CP007098v1	20393	20402	+
U	4544480	4545207	Un_CP007098v1	20404	21131	+
U	4546482	4547427	Un_CP007098v1	33579	34524	+
U	4547428	4547562	Un_CP007098v1	34526	34660	+
U	6037655	6037906	Un_CP007098v1	23976	24227	+
U	6037908	6038596	Un_CP007098v1	24228	24916	+
U	6038598	6042099	Un_CP007098v1	24917	28418	+
U	8329743	8329845	Un_CP007098v1	11073	11175	+
U	8329847	8331405	Un_CP007098v1	11176	12734	+
U	8371295	8372904	Un_CP007098v1	16536	18145	+
U	9037388	9037579	Un_CP007098v1	13155	13346	+
U	9037580	9037943	Un_CP007098v1	13348	13711	+
U	9037944	9038070	Un_CP007098v1	13718	13844	+
U	9038071	9038369	Un_CP007098v1	13863	14161	+
U	9278707	9278936	Un_CP007098v1	332	561	+
U	9278948	9279108	Un_CP007098v1	562	722	+
U	9279110	9279257	Un_CP007098v1	723	870	+
U	10045835	10045997	Un_CP007098v1	18603	18765	+
U	10045998	10046441	Un_CP007098v1	18776	19219	+
U	10046442	10046835	Un_CP007098v1	19222	19615	+
U	2605481	2606267	Un_CP007101v1	1	787	+
U	2606269	2606551	Un_CP007101v1	788	1070	+
U	2606552	2606808	Un_CP007101v1	1072	1328	+
U	2606810	2607918	Un_CP007101v1	1329	2437	+
U	2607941	2623171	Un_CP007101v1	2438	17668	+
U	2623173	2623293	Un_CP007101v1	17669	17789	+
U	2623294	2623301	Un_CP007101v1	17794	17801	+
U	2623302	2623311	Un_CP007101v1	17806	17815	+
U	2623312	2623314	Un_CP007101v1	17817	17819	+
U	2623315	2623318	Un_CP007101v1	17825	17828	+
U	2623319	2623322	Un_CP007101v1	17845	17848	+
U	2623323	2623378	Un_CP007101v1	17878	17933	+
U	2623380	2623383	Un_CP007101v1	17934	17937	+
U	2623386	2623475	Un_CP007101v1	17938	18027	+
U	2623500	2623501	Un_CP007101v1	18028	18029	+
U	2623505	2623506	Un_CP007101v1	18030	18031	+
U	2623522	2623642	Un_CP007101v1	18032	18152	+
U	2623643	2623649	Un_CP007101v1	18154	18160	+
U	2623651	2624269	Un_CP007101v1	18161	18779	+
U	2624270	2624313	Un_CP007101v1	18781	18824	+
U	2624315	2624416	Un_CP007101v1	18825	18926	+
U	2624417	2624456	Un_CP007101v1	18928	18967	+
U	2624457	2624574	Un_CP007101v1	18969	19086	+
U	2624575	2624690	Un_CP007101v1	23420	23535	+
U	5121637	5122454	Un_CP007099v1	2933	3750	+
U	5122456	5122457	Un_CP007099v1	3751	3752	+
U	5122458	5122704	Un_CP007099v1	3760	4006	+
U	5122705	5122706	Un_CP007099v1	4011	4012	+
U	5122707	5122811	Un_CP007099v1	4027	4131	+
U	5122812	5123236	Un_CP007099v1	4133	4557	+
U	5131985	5133360	Un_CP007099v1	9331	10706	+
U	5133698	5135144	Un_CP007099v1	11161	12607	+
U	5123484	5124439	Un_CP007099v1	1373	2328	+
U	5124440	5124796	Un_CP007099v1	2330	2686	+
U	5124798	5124802	Un_CP007099v1	2687	2691	+
U	8988069	8989300	Un_CP007099v1	5258	6489	+
U	9301493	9301741	Un_CP007099v1	7290	7538	-
U	6153455	6153908	Un_DS483873v1	612	1065	+
U	6154905	6157065	Un_DS483873v1	2062	4222	+
U	7096120	7098786	Un_DS484147v1	1	2667	+
U	3186624	3186711	Un_CP007100v1	5217	5304	-
U	3186574	3186623	Un_CP007100v1	5307	5356	-
U	3186310	3186572	Un_CP007100v1	5357	5619	-
U	3186133	3186309	Un_CP007100v1	5622	5798	-
U	1042059	1046351	Un_CP007100v1	5799	10091	+
U	5284728	5285470	Y_CP007119v1_random	1	743	+
U	5285472	5285527	Y_CP007119v1_random	744	799	+
U	5285528	5285758	Y_CP007119v1_random	801	1031	+
U	5286742	5286746	Y_CP007119v1_random	10200	10204	+
U	5286748	5286754	Y_CP007119v1_random	10205	10211	+
U	5286756	5288042	Y_CP007119v1_random	10212	11498	+
U	9365706	9366848	Un_DS485425v1	1	1143	+
U	6606306	6609605	X_CP007104v1_random	6139	9438	-
U	6606282	6606304	X_CP007104v1_random	9439	9461	-
U	6606235	6606280	X_CP007104v1_random	9462	9507	-
U	8845225	8845796	X_CP007104v1_random	4169	4740	-
U	8844526	8845224	X_CP007104v1_random	4761	5459	-
U	8844519	8844525	X_CP007104v1_random	5461	5467	-
U	4459340	4460027	X_CP007104v1_random	13565	14252	-
U	4457681	4459333	X_CP007104v1_random	14259	15911	-
U	4447516	4449521	X_CP007104v1_random	24188	26193	-
U	2861172	2863258	Y_CP007107v1_random	24538	26624	-
U	2857842	2857848	Y_CP007107v1_random	29180	29186	-
U	2857761	2857841	Y_CP007107v1_random	29188	29268	-
U	2851115	2857759	Y_CP007107v1_random	29269	35913	-
U	2844762	2851113	Y_CP007107v1_random	35914	42265	-
U	2844758	2844761	Y_CP007107v1_random	42267	42270	-
U	2842019	2842721	Y_CP007107v1_random	43787	44489	-
U	2840097	2840106	Y_CP007107v1_random	46479	46488	-
U	2840075	2840095	Y_CP007107v1_random	46489	46509	-
U	2839874	2840073	Y_CP007107v1_random	46510	46709	-
U	2836399	2839872	Y_CP007107v1_random	46710	50183	-
U	4633258	4633291	Y_CP007107v1_random	1	34	+
U	4633293	4633300	Y_CP007107v1_random	35	42	+
U	4633302	4634291	Y_CP007107v1_random	43	1032	+
U	4643325	4645240	Y_CP007107v1_random	10376	12291	+
U	5161234	5161245	Y_CP007107v1_random	57170	57181	+
U	6353554	6357358	Y_CP007107v1_random	16545	20349	-
U	7037665	7040504	Y_CP007107v1_random	13355	16194	+
U	7837574	7839669	Y_CP007107v1_random	6277	8372	-
U	9041641	9042329	Y_CP007107v1_random	5057	5745	-
U	9067416	9068247	Y_CP007107v1_random	23320	24151	+
U	9068249	9068622	Y_CP007107v1_random	24152	24525	+
U	9127369	9128563	Y_CP007107v1_random	26942	28136	-
U	9616881	9617479	Y_CP007107v1_random	20350	20948	+
U	9617481	9617526	Y_CP007107v1_random	20949	20994	+
U	9662523	9662530	Y_CP007107v1_random	65096	65103	-
U	9661594	9662522	Y_CP007107v1_random	65105	66033	-
U	9661452	9661592	Y_CP007107v1_random	66034	66174	-
U	3312718	3316168	Un_CP007105v1	8082	11532	+
U	3316170	3316170	Un_CP007105v1	11533	11533	+
U	3316172	3316930	Un_CP007105v1	11534	12292	+
U	3316931	3317953	Un_CP007105v1	12295	13317	+
U	3326533	3326638	Un_CP007105v1	29676	29781	+
U	3326640	3330017	Un_CP007105v1	29782	33159	+
U	3330019	3330082	Un_CP007105v1	33160	33223	+
U	3330261	3330265	Un_CP007105v1	33424	33428	+
U	3330266	3330278	Un_CP007105v1	33430	33442	+
U	3330279	3333135	Un_CP007105v1	33444	36300	+
U	8538184	8538558	Un_CP007105v1	13318	13692	+
U	8538560	8538640	Un_CP007105v1	13693	13773	+
U	8538642	8539347	Un_CP007105v1	13774	14479	+
U	9481440	9481449	Un_CP007105v1	27693	27702	+
U	9481451	9482360	Un_CP007105v1	27703	28612	+
U	9482362	9482558	Un_CP007105v1	28613	28809	+
U	9567423	9568524	Un_CP007105v1	38594	39695	-
U	9890241	9890335	Un_CP007105v1	42377	42471	-
U	9890140	9890239	Un_CP007105v1	42472	42571	-
U	9889726	9890121	Un_CP007105v1	42572	42967	-
U	9889301	9889725	Un_CP007105v1	42985	43409	-
U	4523420	4523539	Y_CP007109v1_random	6766	6885	-
U	5029652	5032919	Y_CP007109v1_random	12611	15878	-
U	5028529	5028986	Y_CP007109v1_random	16555	17012	-
U	5027973	5028528	Y_CP007109v1_random	17014	17569	-
U	5024767	5027936	Y_CP007109v1_random	17739	20908	-
U	5024750	5024766	Y_CP007109v1_random	20915	20931	-
U	5024737	5024749	Y_CP007109v1_random	20941	20953	-
U	5024731	5024736	Y_CP007109v1_random	20956	20961	-
U	5024726	5024730	Y_CP007109v1_random	20965	20969	-
U	5024713	5024725	Y_CP007109v1_random	20971	20983	-
U	5024608	5024712	Y_CP007109v1_random	20993	21097	-
U	5023352	5024607	Y_CP007109v1_random	21102	22357	-
U	5021308	5022957	Y_CP007109v1_random	22865	24514	-
U	5021303	5021306	Y_CP007109v1_random	24515	24518	-
U	5020694	5020920	Y_CP007109v1_random	24990	25216	-
U	5019459	5020692	Y_CP007109v1_random	25217	26450	-
U	5019446	5019457	Y_CP007109v1_random	26451	26462	-
U	5013407	5017496	Y_CP007109v1_random	28670	32759	-
U	5013341	5013405	Y_CP007109v1_random	32760	32824	-
U	5012375	5012670	Y_CP007109v1_random	33770	34065	-
U	5011231	5012373	Y_CP007109v1_random	34066	35208	-
U	5011228	5011228	Y_CP007109v1_random	35209	35209	-
U	5007808	5011194	Y_CP007109v1_random	35210	38596	-
U	5007800	5007807	Y_CP007109v1_random	38598	38605	-
U	4999711	4999892	Y_CP007109v1_random	46741	46922	-
U	4999690	4999709	Y_CP007109v1_random	46923	46942	-
U	4996717	4999688	Y_CP007109v1_random	46943	49914	-
U	4995687	4996715	Y_CP007109v1_random	49915	50943	-
U	7232034	7234678	Y_CP007109v1_random	43318	45962	+
U	8749999	8750164	Y_CP007109v1_random	657	822	-
U	8749436	8749998	Y_CP007109v1_random	845	1407	-
U	9267123	9267179	Y_CP007109v1_random	45963	46019	-
U	9267119	9267119	Y_CP007109v1_random	46020	46020	-
U	9267112	9267113	Y_CP007109v1_random	46021	46022	-
U	9267107	9267111	Y_CP007109v1_random	46024	46028	-
U	9267098	9267104	Y_CP007109v1_random	46029	46035	-
U	9266844	9267096	Y_CP007109v1_random	46036	46288	-
U	9614808	9615148	Y_CP007109v1_random	2530	2870	-
U	9614625	9614803	Y_CP007109v1_random	2871	3049	-
U	9614561	9614624	Y_CP007109v1_random	3064	3127	-
U	9614502	9614560	Y_CP007109v1_random	3138	3196	-
U	9737614	9738528	Y_CP007109v1_random	10271	11185	+
U	9738530	9738653	Y_CP007109v1_random	11186	11309	+
U	9738654	9738664	Y_CP007109v1_random	11311	11321	+
U	9738665	9738676	Y_CP007109v1_random	11323	11334	+
U	2097854	2105058	Y_CP007108v1_random	1	7205	+
U	2105060	2125330	Y_CP007108v1_random	7206	27476	+
U	2125331	2136593	Y_CP007108v1_random	27478	38740	+
U	2136594	2143207	Y_CP007108v1_random	38742	45355	+
U	2145265	2148690	Y_CP007108v1_random	46989	50414	+
U	9475102	9475241	Y_CP007108v1_random	45868	46007	-
U	9474120	9475100	Y_CP007108v1_random	46008	46988	-
U	4015850	4017751	Y_CP007111v1_random	13426	15327	+
U	4017752	4017758	Y_CP007111v1_random	15329	15335	+
U	4024226	4024466	Y_CP007111v1_random	21668	21908	+
U	4024467	4029971	Y_CP007111v1_random	21910	27414	+
U	4022921	4023195	Y_CP007111v1_random	1	275	+
U	4023196	4023604	Y_CP007111v1_random	2253	2661	+
U	4023605	4024225	Y_CP007111v1_random	3171	3791	+
U	4022446	4022920	Y_CP007111v1_random	1503	1977	+
U	9096070	9096075	Y_CP007111v1_random	28158	28163	-
U	9094872	9096069	Y_CP007111v1_random	28165	29362	-
U	9593803	9594741	Y_CP007111v1_random	29363	30301	-
U	4395465	4396471	Y_CP007110v1_random	10417	11423	-
U	4394081	4395463	Y_CP007110v1_random	11424	12806	-
U	4393185	4393699	Y_CP007110v1_random	13117	13631	-
U	4387929	4387956	Y_CP007110v1_random	18692	18719	-
U	4387862	4387927	Y_CP007110v1_random	18720	18785	-
U	4383757	4387861	Y_CP007110v1_random	18787	22891	-
U	6523987	6524865	Y_CP007110v1_random	3938	4816	+
U	6524866	6524874	Y_CP007110v1_random	4818	4826	+
U	8071535	8073337	Y_CP007110v1_random	29482	31284	-
U	8505131	8506599	Y_CP007110v1_random	24070	25538	-
U	8604931	8606330	Y_CP007110v1_random	6187	7586	-
U	8739047	8739122	Y_CP007110v1_random	22892	22967	+
U	8739124	8739127	Y_CP007110v1_random	22968	22971	+
U	8739128	8739352	Y_CP007110v1_random	22973	23197	+
U	8739353	8739361	Y_CP007110v1_random	23199	23207	+
U	9574632	9575279	Y_CP007110v1_random	31285	31932	-
U	10013802	10014810	Y_CP007110v1_random	17117	18125	+
U	2370679	2375504	Y_CP007117v1_random	1	4826	+
U	2375506	2375569	Y_CP007117v1_random	4827	4890	+
U	2384870	2387339	Y_CP007117v1_random	4891	7360	+
U	2387888	2389024	Y_CP007117v1_random	8027	9163	+
U	2395812	2397275	Y_CP007117v1_random	13760	15223	+
U	2403496	2407228	Y_CP007117v1_random	20282	24014	+
U	2407229	2407579	Y_CP007117v1_random	24016	24366	+
U	2407580	2407591	Y_CP007117v1_random	24368	24379	+
U	2394402	2395439	Y_CP007117v1_random	15556	16593	+
U	4558889	4558907	Y_CP007117v1_random	12626	12644	+
U	4558910	4558926	Y_CP007117v1_random	12645	12661	+
U	4558927	4558946	Y_CP007117v1_random	12663	12682	+
U	4558947	4559233	Y_CP007117v1_random	12684	12970	+
U	4559235	4559285	Y_CP007117v1_random	12971	13021	+
U	4559293	4559327	Y_CP007117v1_random	13022	13056	+
U	4559329	4559433	Y_CP007117v1_random	13057	13161	+
U	4559434	4559493	Y_CP007117v1_random	13163	13222	+
U	4559494	4559551	Y_CP007117v1_random	13227	13284	+
U	4559553	4559637	Y_CP007117v1_random	13285	13369	+
U	4559638	4559943	Y_CP007117v1_random	13377	13682	+
U	4559944	4559947	Y_CP007117v1_random	13684	13687	+
U	8509636	8509738	Y_CP007117v1_random	19830	19932	-
U	8509622	8509634	Y_CP007117v1_random	19933	19945	-
U	9142650	9142795	Y_CP007117v1_random	11182	11327	-
U	9142279	9142648	Y_CP007117v1_random	11328	11697	-
U	9142259	9142274	Y_CP007117v1_random	11698	11713	-
U	9470454	9470458	Y_CP007117v1_random	18202	18206	+
U	9470459	9470495	Y_CP007117v1_random	18208	18244	+
U	9470497	9470497	Y_CP007117v1_random	18245	18245	+
U	9470503	9470506	Y_CP007117v1_random	18246	18249	+
U	9470510	9470511	Y_CP007117v1_random	18250	18251	+
U	9470513	9470515	Y_CP007117v1_random	18252	18254	+
U	9470522	9470883	Y_CP007117v1_random	18255	18616	+
U	9470884	9470884	Y_CP007117v1_random	18622	18622	+
U	9470885	9471036	Y_CP007117v1_random	18632	18783	+
U	9723040	9723077	Y_CP007117v1_random	11144	11181	-
U	4828873	4831344	Y_CP007112v1_random	2482	4953	+
U	4836772	4836964	Y_CP007112v1_random	10257	10449	+
U	7909425	7909429	Y_CP007112v1_random	35340	35344	+
U	7909430	7911469	Y_CP007112v1_random	35346	37385	+
U	8654301	8655323	Y_CP007112v1_random	14590	15612	-
U	8654118	8654299	Y_CP007112v1_random	15613	15794	-
U	8653948	8654116	Y_CP007112v1_random	15795	15963	-
U	9041118	9041640	Y_CP007112v1_random	16005	16527	+
U	9595371	9595681	Y_CP007112v1_random	13122	13432	+
U	7601766	7601774	Y_CP007113v1_random	9523	9531	+
U	7601776	7601974	Y_CP007113v1_random	9532	9730	+
U	8191655	8193452	Y_CP007113v1_random	13796	15593	+
U	8193454	8193462	Y_CP007113v1_random	15594	15602	+
U	8570893	8571001	Y_CP007113v1_random	23310	23418	+
U	8571002	8571336	Y_CP007113v1_random	23421	23755	+
U	8571341	8571401	Y_CP007113v1_random	23756	23816	+
U	9327314	9327778	Y_CP007113v1_random	25157	25621	-
U	9327180	9327313	Y_CP007113v1_random	25625	25758	-
U	9327100	9327178	Y_CP007113v1_random	25759	25837	-
U	9327060	9327096	Y_CP007113v1_random	25838	25874	-
U	9710668	9710677	Y_CP007113v1_random	7948	7957	-
U	9710258	9710631	Y_CP007113v1_random	7994	8367	-
U	9709728	9709926	Y_CP007113v1_random	19837	20035	-
U	9710632	9710667	Y_CP007113v1_random	19427	19462	-
U	9833800	9834207	Y_CP007113v1_random	836	1243	-
U	9833510	9833518	Y_CP007113v1_random	1247	1255	-
U	9833414	9833509	Y_CP007113v1_random	1257	1352	-
U	9889125	9889200	Y_CP007113v1_random	13374	13449	-
U	9969744	9970276	Y_CP007113v1_random	29826	30358	-
U	3184485	3185364	Y_CP007114v1_random	1	880	+
U	3185366	3185477	Y_CP007114v1_random	881	992	+
U	3185522	3186132	Y_CP007114v1_random	993	1603	+
U	3193275	3195830	Y_CP007114v1_random	8921	11476	+
U	3195831	3195847	Y_CP007114v1_random	11478	11494	+
U	3205154	3206216	Y_CP007114v1_random	20730	21792	+
U	7743969	7745036	Y_CP007114v1_random	1604	2671	-
U	7743401	7743959	Y_CP007114v1_random	2681	3239	-
U	7743381	7743399	Y_CP007114v1_random	3240	3258	-
U	7745522	7745522	Y_CP007114v1_random	26463	26463	-
U	7745515	7745520	Y_CP007114v1_random	26464	26469	-
U	7745443	7745454	Y_CP007114v1_random	26529	26540	-
U	7745249	7745441	Y_CP007114v1_random	26541	26733	-
U	7745171	7745204	Y_CP007114v1_random	26734	26767	-
U	7745167	7745170	Y_CP007114v1_random	26769	26772	-
U	7745037	7745165	Y_CP007114v1_random	26773	26901	-
U	7743960	7743968	Y_CP007114v1_random	27979	27987	-
U	9544530	9545177	Y_CP007114v1_random	23553	24200	+
U	9545178	9545636	Y_CP007114v1_random	24248	24706	+
U	9657629	9657701	Y_CP007114v1_random	3259	3331	-
U	9657623	9657627	Y_CP007114v1_random	3332	3336	-
U	9657398	9657621	Y_CP007114v1_random	3337	3560	-
U	9657233	9657397	Y_CP007114v1_random	3564	3728	-
U	9657224	9657226	Y_CP007114v1_random	3729	3731	-
U	9657221	9657222	Y_CP007114v1_random	3732	3733	-
U	9657210	9657219	Y_CP007114v1_random	3734	3743	-
U	9657203	9657207	Y_CP007114v1_random	3744	3748	-
U	9657201	9657202	Y_CP007114v1_random	3750	3751	-
U	9657177	9657198	Y_CP007114v1_random	3752	3773	-
U	9656731	9657175	Y_CP007114v1_random	3774	4218	-
U	9853684	9853901	Y_CP007114v1_random	4345	4562	-
U	9853439	9853683	Y_CP007114v1_random	4574	4818	-
U	9853312	9853438	Y_CP007114v1_random	4835	4961	-
U	4251582	4253134	Y_CP007115v1_random	67	1619	+
U	4261523	4261537	Y_CP007115v1_random	9986	10000	+
U	4261538	4264872	Y_CP007115v1_random	10002	13336	+
U	4264873	4264944	Y_CP007115v1_random	13338	13409	+
U	7194915	7194921	Y_CP007115v1_random	8035	8041	-
U	9070568	9071241	Y_CP007115v1_random	8409	9082	-
U	9070033	9070567	Y_CP007115v1_random	9084	9618	-
U	9121244	9121536	Y_CP007115v1_random	9693	9985	+
U	9543324	9543866	Un_CP007120v1	21869	22411	+
U	9916898	9917417	Un_CP007120v1	48956	49475	+
U	9936754	9936916	Un_CP007120v1	74840	75002	+
U	9936919	9936986	Un_CP007120v1	75003	75070	+
U	9936987	9936994	Un_CP007120v1	75075	75082	+
U	9936995	9937010	Un_CP007120v1	75085	75100	+
U	9937011	9937363	Un_CP007120v1	75103	75455	+
U	9937365	9937611	Un_CP007120v1	75456	75702	+
U	9937612	9937776	Un_CP007120v1	39513	39677	+
U	2952674	2952686	Un_CP007120v1	55174	55186	-
U	3541556	3550529	Un_CP007120v1	749	9722	+
U	3550531	3550598	Un_CP007120v1	9723	9790	+
U	3550600	3550720	Un_CP007120v1	9791	9911	+
U	3550721	3552364	Un_CP007120v1	9913	11556	+
U	3552365	3558446	Un_CP007120v1	11558	17639	+
U	5726964	5727800	Un_CP007120v1	73927	74763	+
U	8517667	8518222	Un_CP007120v1	65385	65940	+
U	8518224	8519098	Un_CP007120v1	65941	66815	+
U	8519100	8519128	Un_CP007120v1	66816	66844	+
U	8840184	8840283	Un_CP007120v1	47572	47671	-
U	8839007	8840183	Un_CP007120v1	47675	48851	-
U	9064627	9064690	Un_CP007120v1	44181	44244	-
U	9064043	9064626	Un_CP007120v1	56726	57309	-
U	9063480	9064041	Un_CP007120v1	57310	57871	-
U	9461151	9461792	Un_CP007120v1	45500	46141	-
U	9460669	9461150	Un_CP007120v1	46143	46624	-
U	9660799	9660834	Un_CP007120v1	73678	73713	+
U	9757371	9757516	Un_CP007120v1	72991	73136	+
U	9795507	9795964	Un_CP007120v1	42781	43238	+
U	9795966	9796558	Un_CP007120v1	43239	43831	+
U	9824241	9824408	Un_CP007120v1	56052	56219	+
U	9825178	9825287	Un_CP007120v1	44507	44616	+
U	9836850	9837107	Un_CP007120v1	71660	71917	-
U	9902388	9902800	Un_CP007120v1	44783	45195	-
U	9902348	9902386	Un_CP007120v1	45196	45234	-
U	9902240	9902347	Un_CP007120v1	69419	69526	-
U	9902196	9902238	Un_CP007120v1	69527	69569	-
U	9901984	9902194	Un_CP007120v1	69570	69780	-
U	9901817	9901982	Un_CP007120v1	69781	69946	-
U	9909873	9910261	Un_CP007120v1	38850	39238	+
U	9910263	9910536	Un_CP007120v1	39239	39512	+
U	9910702	9910716	Un_CP007120v1	75868	75882	+
U	10000025	10000376	Un_CP007120v1	58671	59022	-
U	10046936	10047536	Un_CP007120v1	18103	18703	+
U	10047537	10047936	Un_CP007120v1	18711	19110	+
U	4291905	4296562	Y_CP007116v1_random	9165	13822	+
U	4303797	4305070	Y_CP007116v1_random	21585	22858	+
U	7916071	7916342	Y_CP007116v1_random	21188	21459	+
U	8244487	8246091	Y_CP007116v1_random	233	1837	+
U	8246093	8246247	Y_CP007116v1_random	1838	1992	+
U	9092966	9093022	Y_CP007116v1_random	7910	7966	+
U	2384505	2384869	Y_CP007118v1_random	35201	35565	+
U	4907829	4907889	Y_CP007118v1_random	4237	4297	+
U	4907890	4912643	Y_CP007118v1_random	4299	9052	+
U	4914341	4915133	Y_CP007118v1_random	9540	10332	+
U	4915135	4915885	Y_CP007118v1_random	10333	11083	+
U	4915886	4921403	Y_CP007118v1_random	11085	16602	+
U	4921405	4924033	Y_CP007118v1_random	16603	19231	+
U	8562389	8562406	Y_CP007118v1_random	22274	22291	-
U	8562009	8562387	Y_CP007118v1_random	22292	22670	-
U	8561744	8562007	Y_CP007118v1_random	22671	22934	-
U	8561654	8561743	Y_CP007118v1_random	22936	23025	-
U	8738035	8738807	Y_CP007118v1_random	38499	39271	+
U	8842368	8842479	Y_CP007118v1_random	27613	27724	+
U	8842480	8842481	Y_CP007118v1_random	27730	27731	+
U	8842482	8843040	Y_CP007118v1_random	27745	28303	+
U	9723078	9723122	Y_CP007118v1_random	25473	25517	-
U	9722734	9723039	Y_CP007118v1_random	25556	25861	-
U	9722653	9722732	Y_CP007118v1_random	25862	25941	-
U	9734404	9734609	Y_CP007118v1_random	23279	23484	+
U	9734610	9734634	Y_CP007118v1_random	23486	23510	+
U	9734837	9734997	Y_CP007118v1_random	41765	41925	+
U	9735002	9735113	Y_CP007118v1_random	41926	42037	+
U	9951132	9951240	Y_CP007118v1_random	19563	19671	-
U	9950784	9951131	Y_CP007118v1_random	19674	20021	-
U	9950748	9950782	Y_CP007118v1_random	20022	20056	-
U	9950693	9950747	Y_CP007118v1_random	20089	20143	-
U	9950692	9950692	Y_CP007118v1_random	20150	20150	-
U	9950347	9950691	Y_CP007118v1_random	20165	20509	-
U	9279358	9280517	Un_DS485356v1	1	1160	+
U	9318300	9319451	Un_DS485387v1	1	1152	+
U	4740126	4741331	Un_DS483700v1	1	1206	+
U	4750554	4751555	Un_DS483700v1	10429	11430	+
U	5202913	5203387	Un_DS483723v1	1	475	+
U	5211273	5215960	Un_DS483723v1	8361	13048	+
U	5222866	5223986	Un_DS483723v1	19954	21074	+
U	4880211	4884260	Un_DS483707v1	1	4050	+
U	4884818	4885900	Un_DS483707v1	4608	5690	+
U	4890537	4896013	Un_DS483707v1	10327	15803	+
U	4896133	4900787	Un_DS483707v1	15923	20577	+
U	4901257	4902230	Un_DS483707v1	21047	22020	+
U	4902305	4906050	Un_DS483707v1	22095	25840	+
U	7997785	7999750	Un_DS484515v1	1	1966	+
U	7968684	7970673	Un_DS484501v1	1	1990	+
U	8788927	8790229	Un_DS484985v1	1	1303	+
U	4472741	4481850	Un_DS483678v1	1	9110	+
U	4481914	4485164	Un_DS483678v1	9174	12424	+
U	5556489	5557690	Un_DS483759v1	1	1202	+
U	5557974	5563348	Un_DS483759v1	1486	6860	+
U	6796140	6799259	Un_DS484048v1	1	3120	+
U	6005407	6009979	Un_DS483840v1	1	4573	+
U	5491650	5499371	Un_DS483750v1	1	7722	+
U	9840285	9841328	Un_DS485823v1	1	1044	+
U	8277609	8279327	Un_DS484658v1	1	1719	+
U	4572335	4572981	Un_DS483686v1	1	647	+
U	4573052	4573601	Un_DS483686v1	718	1267	+
U	4581959	4583303	Un_DS483686v1	9625	10969	+
U	8685725	8685849	Un_DS483686v1	11952	12076	+
U	8685853	8685924	Un_DS483686v1	12077	12148	+
U	9278202	9278627	Un_DS483686v1	10975	11400	-
U	9278109	9278200	Un_DS483686v1	11401	11492	-
U	9278098	9278107	Un_DS483686v1	11493	11502	-
U	5878238	5883223	Un_DS483814v1	1	4986	+
U	7130821	7133604	Un_DS484159v1	1	2784	+
U	6000726	6005306	Un_DS483839v1	1	4581	+
U	5857822	5862847	Un_DS483810v1	1	5026	+
U	7492817	7495235	Un_DS484294v1	1	2419	+
U	10016019	10017026	Un_DS485979v1	1	1008	+
U	9332058	9333205	Un_DS485398v1	1	1148	+
U	9139017	9140209	Un_DS485246v1	1	1193	+
U	7763967	7766142	Un_DS484407v1	1	2176	+
U	9837995	9839039	Un_DS485821v1	1	1045	+
U	8643609	8644986	Un_DS484884v1	1	1378	+
U	6046736	6051135	Un_DS483849v1	1	4400	+
U	7734189	7736388	Un_DS484394v1	1	2200	+
U	6028538	6033002	Un_DS483845v1	1	4465	+
U	7642807	7645097	Un_DS484355v1	1	2291	+
U	5709169	5715059	Un_DS483783v1	1	5891	+
U	9348277	9349422	Un_DS485411v1	1	1146	+
U	7350867	7353415	Un_DS484239v1	1	2549	+
U	6727530	6730726	Un_DS484027v1	1	3197	+
U	6437235	6440856	Un_DS483944v1	1	3622	+
U	6042200	6046635	Un_DS483848v1	1	4436	+
U	7907793	7909324	Un_DS484472v1	515	2046	+
U	6064722	6069102	Un_DS483853v1	1	4381	+
U	9083119	9084326	Un_DS485203v1	1	1208	+
U	7896490	7898549	Un_DS484467v1	1	2060	+
U	5623197	5628203	Un_DS483769v1	1	5007	+
U	8483038	8484524	Un_DS484779v1	1	1487	+
U	6514171	6516363	Un_DS483965v1	1	2193	+
U	6516475	6517673	Un_DS483965v1	2305	3503	+
U	5810496	5812415	Un_DS483801v1	1	1920	+
U	5812756	5814203	Un_DS483801v1	2261	3708	+
U	5814352	5815221	Un_DS483801v1	3857	4726	+
U	9008010	9009236	Un_DS485146v1	1	1227	+
U	9045069	9046287	Un_DS485174v1	1	1219	+
U	7434441	7436910	Un_DS484271v1	1	2470	+
U	3728737	3728737	Un_DS484042v1	761	761	-
U	3728717	3728735	Un_DS484042v1	762	780	-
U	3728704	3728716	Un_DS484042v1	782	794	-
U	3728682	3728703	Un_DS484042v1	796	817	-
U	3728544	3728681	Un_DS484042v1	819	956	-
U	3728496	3728531	Un_DS484042v1	957	992	-
U	3728486	3728494	Un_DS484042v1	993	1001	-
U	3728472	3728484	Un_DS484042v1	1002	1014	-
U	3728462	3728470	Un_DS484042v1	1015	1023	-
U	3728451	3728461	Un_DS484042v1	1025	1035	-
U	3728406	3728450	Un_DS484042v1	1037	1081	-
U	3728372	3728405	Un_DS484042v1	1083	1116	-
U	3728340	3728370	Un_DS484042v1	1117	1147	-
U	3728326	3728339	Un_DS484042v1	1149	1162	-
U	3728224	3728324	Un_DS484042v1	1163	1263	-
U	3728212	3728222	Un_DS484042v1	1264	1274	-
U	3728153	3728210	Un_DS484042v1	1275	1332	-
U	3728136	3728151	Un_DS484042v1	1333	1348	-
U	3728132	3728134	Un_DS484042v1	1349	1351	-
U	3728120	3728130	Un_DS484042v1	1352	1362	-
U	3728111	3728112	Un_DS484042v1	1363	1364	-
U	3728101	3728107	Un_DS484042v1	1365	1371	-
U	3728087	3728088	Un_DS484042v1	1372	1373	-
U	3728084	3728084	Un_DS484042v1	1374	1374	-
U	3728053	3728075	Un_DS484042v1	1375	1397	-
U	3728024	3728051	Un_DS484042v1	1398	1425	-
U	3727953	3728012	Un_DS484042v1	1426	1485	-
U	3727916	3727952	Un_DS484042v1	1487	1523	-
U	3727831	3727914	Un_DS484042v1	1524	1607	-
U	3727687	3727829	Un_DS484042v1	1608	1750	-
U	5458227	5466228	Un_DS483746v1	1340	9341	+
U	9049026	9050243	Un_DS485177v1	1	1218	+
U	5928344	5933163	Un_DS483824v1	1	4820	+
U	9636621	9637706	Un_DS485648v1	1	1086	+
U	6847023	6850066	Un_DS484064v1	1	3044	+
U	6211143	6212237	Un_DS483886v1	2987	4081	+
U	9018619	9019843	Un_DS485154v1	1	1225	+
U	6069203	6073580	Un_DS483854v1	1	4378	+
U	7281190	7283800	Un_DS484213v1	1	2611	+
U	6122422	6123450	Un_DS483866v1	1	1029	+
U	6123691	6126694	Un_DS483866v1	1270	4273	+
U	7107700	7110493	Un_DS484151v1	1	2794	+
U	6948381	6951294	Un_DS484097v1	1	2914	+
U	7234779	7235900	Un_DS484196v1	1	1122	+
U	7236180	7237422	Un_DS484196v1	1402	2644	+
U	9076578	9077786	Un_DS485198v1	1	1209	+
U	6257728	6261697	Un_DS483898v1	1	3970	+
U	5721092	5726863	Un_DS483785v1	1	5772	+
U	6118033	6122321	Un_DS483865v1	1	4289	+
U	6337917	6341734	Un_DS483918v1	1	3818	+
U	6174336	6178517	Un_DS483878v1	1	4182	+
U	6657534	6660801	Un_DS484006v1	1	3268	+
U	6372908	6376644	Un_DS483927v1	1	3737	+
U	6187131	6191265	Un_DS483881v1	1	4135	+
U	6637207	6640508	Un_DS484000v1	1	3302	+
U	7715733	7717948	Un_DS484386v1	1	2216	+
U	6182881	6187030	Un_DS483880v1	1	4150	+
U	6463162	6466735	Un_DS483951v1	1	3574	+
U	5697102	5703053	Un_DS483781v1	1	5952	+
U	9315794	9316946	Un_DS485385v1	1	1153	+
U	5224087	5227042	Un_DS483724v1	1	2956	+
U	4211017	4214083	Un_DS483658v1	1	3067	+
U	4220402	4224471	Un_DS483658v1	9386	13455	+
U	4510288	4512750	Un_DS483681v1	1	2463	+
U	4521206	4522655	Un_DS483681v1	10919	12368	+
U	4930189	4934903	Un_DS483709v1	1	4715	+
U	4942277	4947055	Un_DS483709v1	12089	16867	+
U	4947087	4948487	Un_DS483709v1	16899	18299	+
U	4044279	4046480	Un_DS483646v1	1	2202	+
U	4048093	4049109	Un_DS483646v1	3815	4831	+
U	4049415	4058376	Un_DS483646v1	5137	14098	+
U	9949099	9950119	Un_DS485919v1	1	1021	+
U	5528489	5535424	Un_DS483755v1	1	6936	+
U	8609428	8610822	Un_DS484861v1	1	1395	+
U	7932897	7934916	Un_DS484484v1	1	2020	+
U	4826576	4827756	Un_DS483705v1	1	1181	+
U	4827803	4828872	Un_DS483705v1	1228	2297	+
U	4836965	4840972	Un_DS483705v1	10390	14397	+
U	4847890	4854031	Un_DS483705v1	21315	27456	+
U	9445964	9447090	Un_DS485490v1	1	1127	+
U	10037021	10038023	Un_DS485998v1	1	1003	+
U	7072823	7075642	Un_DS484139v1	1	2820	+
U	6290119	6294042	Un_DS483906v1	1	3924	+
U	7273044	7274255	Un_DS484210v1	1	1212	+
U	7274541	7275660	Un_DS484210v1	1498	2617	+
U	8808507	8809800	Un_DS484999v1	1	1294	+
U	9452095	9453220	Un_DS485495v1	1	1126	+
U	8459009	8460526	Un_DS484764v1	1	1518	+
U	7221012	7223676	Un_DS484191v1	1	2665	+
U	9259180	9260342	Un_DS485340v1	1	1163	+
U	7943467	7945474	Un_DS484489v1	1	2008	+
U	7332248	7333572	Un_DS484232v1	1	1325	+
U	8700711	8702053	Un_DS484923v1	1	1343	+
U	9322056	9323207	Un_DS485390v1	1	1152	+
U	8986737	8987968	Un_DS485130v1	1	1232	+
U	7855121	7857208	Un_DS484448v1	1	2088	+
U	8557915	8559346	Un_DS484827v1	1	1432	+
U	9417685	9418816	Un_DS485467v1	1	1132	+
U	9375639	9376778	Un_DS485433v1	1	1140	+
U	8730888	8732217	Un_DS484944v1	1	1330	+
U	8722289	8723622	Un_DS484938v1	1	1334	+
U	10021555	10022560	Un_DS485984v1	1	1006	+
U	8697821	8699166	Un_DS484921v1	1	1346	+
U	9881354	9882389	Un_DS485859v1	1	1036	+
U	8600421	8601824	Un_DS484855v1	1	1404	+
U	10041431	10042431	Un_DS486002v1	1	1001	+
U	8468683	8470186	Un_DS484770v1	1	1504	+
U	9276838	9277997	Un_DS485354v1	1	1160	+
U	5267565	5270281	Un_DS483728v1	1	2717	+
U	5278589	5280245	Un_DS483728v1	11025	12681	+
U	9338298	9339445	Un_DS485403v1	1	1148	+
U	8759354	8760668	Un_DS484964v1	1	1315	+
U	6349648	6353453	Un_DS483921v1	1	3806	+
U	9054293	9055506	Un_DS485181v1	1	1214	+
U	9794355	9795406	Un_DS485783v1	1	1052	+
U	9182807	9183990	Un_DS485280v1	1	1184	+
U	6553632	6557094	Un_DS483976v1	1	3463	+
U	8770645	8771954	Un_DS484972v1	1	1310	+
U	7850742	7852831	Un_DS484446v1	1	2090	+
U	9934504	9935528	Un_DS485906v1	1	1025	+
U	8022532	8024487	Un_DS484527v1	1	1956	+
U	8715110	8716446	Un_DS484933v1	1	1337	+
U	5475097	5483442	Un_DS483748v1	1	8346	+
U	7881322	7883397	Un_DS484460v1	1	2076	+
U	4966601	4967775	Un_DS483711v1	1	1175	+
U	4975507	4979167	Un_DS483711v1	8907	12567	+
U	4979219	4981287	Un_DS483711v1	12619	14687	+
U	6766933	6770094	Un_DS484039v1	1	3162	+
U	7604200	7606529	Un_DS484339v1	1	2330	+
U	9405346	9406480	Un_DS485457v1	1	1135	+
U	9508206	9509319	Un_DS485541v1	1	1114	+
U	9505777	9506891	Un_DS485539v1	1	1115	+
U	9992691	9993703	Un_DS485958v1	1	1013	+
U	8550247	8551682	Un_DS484822v1	1	1436	+
U	9360731	9361874	Un_DS485421v1	1	1144	+
U	9203298	9204475	Un_DS485296v1	1	1178	+
U	9255391	9256553	Un_DS485337v1	1	1163	+
U	7989509	7991482	Un_DS484511v1	1	1974	+
U	10009363	10010372	Un_DS485973v1	1	1010	+
U	5149107	5150271	Un_DS483719v1	1	1165	+
U	5157018	5159162	Un_DS483719v1	7912	10056	+
U	5159830	5161133	Un_DS483719v1	10724	12027	+
U	8111547	8113439	Un_DS484571v1	1	1893	+
U	9736451	9737513	Un_DS485733v1	1	1063	+
U	8910192	8911450	Un_DS485073v1	1	1259	+
U	7398195	7400705	Un_DS484257v1	1	2511	+
U	9304506	9305660	Un_DS485376v1	1	1155	+
U	7935017	7937033	Un_DS484485v1	1	2017	+
U	9545737	9546843	Un_DS485572v1	1	1107	+
U	8540994	8542439	Un_DS484816v1	1	1446	+
U	9955825	9956844	Un_DS485925v1	1	1020	+
U	9129959	9131153	Un_DS485239v1	1	1195	+
U	9874530	9875567	Un_DS485853v1	1	1038	+
U	9310779	9311932	Un_DS485381v1	1	1154	+
U	9257917	9259079	Un_DS485339v1	1	1163	+
U	8899308	8900569	Un_DS485065v1	1	1262	+
U	8061284	8063211	Un_DS484546v1	1	1928	+
U	9866555	9867594	Un_DS485846v1	1	1040	+
U	8293943	8295652	Un_DS484667v1	1	1710	+
U	9701413	9702483	Un_DS485703v1	1	1071	+
U	6557195	6558429	Un_DS483977v1	1	1235	+
U	6559527	6560652	Un_DS483977v1	2333	3458	+
U	9260443	9261604	Un_DS485341v1	1	1162	+
U	7316198	7318773	Un_DS484226v1	1	2576	+
U	9464339	9465461	Un_DS485505v1	1	1123	+
U	9397933	9399068	Un_DS485451v1	1	1136	+
U	8413240	8414791	Un_DS484736v1	1	1552	+
U	7517887	7520276	Un_DS484304v1	1	2390	+
U	9552974	9554078	Un_DS485578v1	1	1105	+
U	8850029	8851305	Un_DS485029v1	1	1277	+
U	6170053	6174235	Un_DS483877v1	1	4183	+
U	8862400	8863671	Un_DS485038v1	1	1272	+
U	9800112	9801162	Un_DS485788v1	1	1051	+
U	7958202	7960199	Un_DS484496v1	1	1998	+
U	8579271	8580686	Un_DS484841v1	1	1416	+
U	8977405	8978638	Un_DS485123v1	1	1234	+
U	9716498	9716525	Un_DS483879v1	3776	3803	-
U	9716483	9716496	Un_DS483879v1	3804	3817	-
U	9716136	9716481	Un_DS483879v1	3818	4163	-
U	8379815	8381408	Un_DS484716v1	1	1594	+
U	9935629	9936653	Un_DS485907v1	1	1025	+
U	6957416	6960320	Un_DS484100v1	1	2905	+
U	10048037	10049037	Un_DS486008v1	1	1001	+
U	9917593	9918621	Un_DS485891v1	1	1029	+
U	7579754	7582107	Un_DS484329v1	1	2354	+
U	8268476	8270207	Un_DS484653v1	1	1732	+
U	4645341	4646865	Un_DS483692v1	1	1525	+
U	4655369	4657325	Un_DS483692v1	10029	11985	+
U	6414764	6415938	Un_DS483938v1	1	1175	+
U	6416030	6418413	Un_DS483938v1	1267	3650	+
U	6875097	6878095	Un_DS484073v1	1	2999	+
U	6485112	6486536	Un_DS483957v1	1	1425	+
U	6486891	6488664	Un_DS483957v1	1780	3553	+
U	6802562	6805661	Un_DS484050v1	1	3100	+
U	4669484	4671285	Un_DS483694v1	1	1802	+
U	4678981	4681434	Un_DS483694v1	9498	11951	+
U	9343289	9344435	Un_DS485407v1	1	1147	+
U	7022937	7024117	Un_DS484122v1	1	1181	+
U	7024426	7025785	Un_DS484122v1	1490	2849	+
U	8065339	8067264	Un_DS484548v1	1	1926	+
U	9149354	9150543	Un_DS485254v1	1	1190	+
U	9085734	9086939	Un_DS485205v1	1	1206	+
U	9805865	9806914	Un_DS485793v1	1	1050	+
U	9453321	9454446	Un_DS485496v1	1	1126	+
U	8673080	8674445	Un_DS484904v1	1	1366	+
U	9801263	9802313	Un_DS485789v1	1	1051	+
U	8580787	8582202	Un_DS484842v1	1	1416	+
U	9250336	9251500	Un_DS485333v1	1	1165	+
U	9988236	9989249	Un_DS485954v1	1	1014	+
U	7251221	7253856	Un_DS484202v1	1	2636	+
U	9842573	9843616	Un_DS485825v1	1	1044	+
U	9109201	9110400	Un_DS485223v1	1	1200	+
U	9224977	9226147	Un_DS485313v1	1	1171	+
U	8103558	8105457	Un_DS484567v1	1	1900	+
U	6772283	6773353	Un_DS484040v1	2089	3159	+
U	7913714	7915756	Un_DS484475v1	1	2043	+
U	7156605	7159348	Un_DS484168v1	1	2744	+
U	9710778	9711847	Un_DS485711v1	1	1070	+
U	9427536	9428665	Un_DS485475v1	1	1130	+
U	8032775	8034719	Un_DS484532v1	1	1945	+
U	8437884	8439416	Un_DS484751v1	1	1533	+
U	7324224	7325225	Un_DS484229v1	1	1002	+
U	7325731	7326798	Un_DS484229v1	1508	2575	+
U	8495696	8497170	Un_DS484787v1	1	1475	+
U	7902970	7905028	Un_DS484470v1	1	2059	+
U	7515397	7517786	Un_DS484303v1	1	2390	+
U	9485095	9486212	Un_DS485522v1	1	1118	+
U	7977038	7979023	Un_DS484505v1	1	1986	+
U	9875668	9876705	Un_DS485854v1	1	1038	+
U	9261705	9262866	Un_DS485342v1	1	1162	+
U	8386569	8388154	Un_DS484720v1	1	1586	+
U	9723634	9724700	Un_DS485722v1	1	1067	+
U	8012231	8014192	Un_DS484522v1	1	1962	+
U	9509420	9510533	Un_DS485542v1	1	1114	+
U	7630817	7631869	Un_DS484350v1	1	1053	+
U	7632020	7633120	Un_DS484350v1	1204	2304	+
U	9606921	9608010	Un_DS485623v1	1	1090	+
U	9748080	9749141	Un_DS485743v1	1	1062	+
U	9896106	9897138	Un_DS485872v1	1	1033	+
U	7218244	7220911	Un_DS484190v1	1	2668	+
U	9131254	9132448	Un_DS485240v1	1	1195	+
U	8583819	8585233	Un_DS484844v1	1	1415	+
U	4681535	4684567	Un_DS483695v1	1	3033	+
U	4692118	4693277	Un_DS483695v1	10584	11743	+
U	8512974	8514439	Un_DS484798v1	1	1466	+
U	5799657	5802845	Un_DS483799v1	1	3189	+
U	5802873	5804979	Un_DS483799v1	3217	5323	+
U	8582303	8583718	Un_DS484843v1	1	1416	+
U	8279428	8281146	Un_DS484659v1	1	1719	+
U	9887031	9888065	Un_DS485864v1	1	1035	+
U	8554851	8556282	Un_DS484825v1	1	1432	+
U	9116997	9118194	Un_DS485229v1	1	1198	+
U	9649643	9650724	Un_DS485659v1	1	1082	+
U	8661324	8662697	Un_DS484896v1	1	1374	+
U	8997386	8998614	Un_DS485138v1	1	1229	+
U	9960305	9961324	Un_DS485929v1	1	1020	+
U	9911947	9912976	Un_DS485886v1	1	1030	+
U	7951892	7953896	Un_DS484493v1	1	2005	+
U	9652007	9653087	Un_DS485661v1	1	1081	+
U	8616893	8618283	Un_DS484866v1	1	1391	+
U	8471891	8473392	Un_DS484772v1	1	1502	+
U	8398309	8399875	Un_DS484727v1	1	1567	+
U	9857428	9858469	Un_DS485838v1	1	1042	+
U	9699069	9700140	Un_DS485701v1	1	1072	+
U	6407223	6408980	Un_DS483936v1	1	1758	+
U	6409520	6410903	Un_DS483936v1	2298	3681	+
U	8836245	8837524	Un_DS485019v1	1	1280	+
U	9825388	9826434	Un_DS485810v1	1	1047	+
U	10019342	10020348	Un_DS485982v1	1	1007	+
U	9033184	9034405	Un_DS485165v1	1	1222	+
U	7757121	7759305	Un_DS484404v1	1	2185	+
U	5336640	5337934	Un_DS483736v1	1	1295	+
U	5345826	5350645	Un_DS483736v1	9187	14006	+
U	9150644	9151833	Un_DS485255v1	1	1190	+
U	6269922	6273871	Un_DS483901v1	1	3950	+
U	9908557	9909586	Un_DS485883v1	1	1030	+
U	9222431	9223603	Un_DS485311v1	1	1173	+
U	8662798	8664170	Un_DS484897v1	1	1373	+
U	6395832	6399539	Un_DS483933v1	1	3708	+
U	9744592	9745654	Un_DS485740v1	1	1063	+
U	9195626	9196804	Un_DS485290v1	1	1179	+
U	7926525	7928551	Un_DS484481v1	1	2027	+
U	9270535	9271695	Un_DS485349v1	1	1161	+
U	7535288	7537670	Un_DS484311v1	1	2383	+
U	8931849	8933095	Un_DS485089v1	1	1247	+
U	10022661	10023666	Un_DS485985v1	1	1006	+
U	9759690	9760748	Un_DS485753v1	1	1059	+
U	8478271	8479760	Un_DS484776v1	1	1490	+
U	6113638	6117932	Un_DS483864v1	1	4295	+
U	8989401	8990631	Un_DS485132v1	1	1231	+
U	9689686	9690759	Un_DS485693v1	1	1074	+
U	7411229	7413719	Un_DS484262v1	1	2491	+
U	6884391	6885404	Un_DS484076v1	1	1014	+
U	6886075	6887381	Un_DS484076v1	1685	2991	+
U	9380599	9381738	Un_DS485437v1	1	1140	+
U	9476563	9477682	Un_DS485515v1	1	1120	+
U	9077887	9079094	Un_DS485199v1	1	1208	+
U	9411518	9412651	Un_DS485462v1	1	1134	+
U	9459445	9460568	Un_DS485501v1	1	1124	+
U	8369585	8371194	Un_DS484710v1	1	1610	+
U	9017294	9018518	Un_DS485153v1	1	1225	+
U	8696374	8697720	Un_DS484920v1	1	1347	+
U	9030538	9031760	Un_DS485163v1	1	1223	+
U	9972614	9973631	Un_DS485940v1	1	1018	+
U	9638991	9640074	Un_DS485650v1	1	1084	+
U	6539339	6542815	Un_DS483972v1	1	3477	+
U	9133844	9135037	Un_DS485242v1	1	1194	+
U	8887045	8888307	Un_DS485056v1	1	1263	+
U	9677938	9679013	Un_DS485683v1	1	1076	+
U	4522756	4523419	Un_DS483682v1	1	664	+
U	4523540	4524023	Un_DS483682v1	785	1268	+
U	4533166	4535109	Un_DS483682v1	10411	12354	+
U	7920129	7922161	Un_DS484478v1	1	2033	+
U	9240209	9241375	Un_DS485325v1	1	1167	+
U	6815336	6818415	Un_DS484054v1	1	3080	+
U	8470287	8471790	Un_DS484771v1	1	1504	+
U	9429996	9431125	Un_DS485477v1	1	1130	+
U	7162285	7165017	Un_DS484170v1	1	2733	+
U	8699267	8700610	Un_DS484922v1	1	1344	+
U	7133705	7136487	Un_DS484160v1	1	2783	+
U	9827682	9828728	Un_DS485812v1	1	1047	+
U	9381839	9382977	Un_DS485438v1	1	1139	+
U	8949321	8950560	Un_DS485102v1	1	1240	+
U	8922398	8923648	Un_DS485082v1	1	1251	+
U	9561409	9562511	Un_DS485585v1	1	1103	+
U	9328310	9329459	Un_DS485395v1	1	1150	+
U	4100680	4103293	Un_DS483650v1	1	2614	+
U	4111468	4114585	Un_DS483650v1	10789	13906	+
U	6887482	6890465	Un_DS484077v1	1	2984	+
U	9927748	9928774	Un_DS485900v1	1	1027	+
U	8914267	8915524	Un_DS485076v1	1	1258	+
U	9932254	9933278	Un_DS485904v1	1	1025	+
U	9275578	9276737	Un_DS485353v1	1	1160	+
U	9683815	9684889	Un_DS485688v1	1	1075	+
U	4497789	4500011	Un_DS483680v1	1	2223	+
U	4507521	4510187	Un_DS483680v1	9733	12399	+
U	9681465	9682539	Un_DS485686v1	1	1075	+
U	7872605	7874685	Un_DS484456v1	1	2081	+
U	7922262	7924294	Un_DS484479v1	1	2033	+
U	7116380	7119170	Un_DS484154v1	1	2791	+
U	7383128	7383498	Un_DS484251v1	639	1009	+
U	9386795	9387933	Un_DS485442v1	1	1139	+
U	8087537	8089441	Un_DS484559v1	1	1905	+
U	8895222	8896483	Un_DS485062v1	1	1262	+
U	7589559	7591902	Un_DS484333v1	1	2344	+
U	7266150	7267505	Un_DS484207v1	1271	2626	+
U	9236407	9237574	Un_DS485322v1	1	1168	+
U	8946639	8947879	Un_DS485100v1	1	1241	+
U	9489966	9491082	Un_DS485526v1	1	1117	+
U	6322143	6326006	Un_DS483914v1	1	3864	+
U	9286913	9288070	Un_DS485362v1	1	1158	+
U	8452529	8454049	Un_DS484760v1	1	1521	+
U	9919851	9920879	Un_DS485893v1	1	1029	+
U	8586846	8588257	Un_DS484846v1	1	1412	+
U	6963425	6966327	Un_DS484102v1	1	2903	+
U	7701801	7704027	Un_DS484380v1	1	2227	+
U	9416452	9417584	Un_DS485466v1	1	1133	+
U	5831864	5833149	Un_DS483805v1	1	1286	+
U	5833615	5837045	Un_DS483805v1	1752	5182	+
U	8809901	8811193	Un_DS485000v1	1	1293	+
U	7361453	7363993	Un_DS484243v1	1	2541	+
U	6144197	6148421	Un_DS483871v1	1	4225	+
U	7828761	7830865	Un_DS484436v1	1	2105	+
U	8374715	8376322	Un_DS484713v1	1	1608	+
U	9885896	9886930	Un_DS485863v1	1	1035	+
U	9933379	9934403	Un_DS485905v1	1	1025	+
U	8885681	8886944	Un_DS485055v1	1	1264	+
U	4981388	4985849	Un_DS483712v1	1	4462	+
U	4992104	4993755	Un_DS483712v1	10717	12368	+
U	4993881	4995586	Un_DS483712v1	12494	14199	+
U	8367874	8369484	Un_DS484709v1	1	1611	+
U	8845897	8847174	Un_DS485026v1	1	1278	+
U	7983282	7985257	Un_DS484508v1	1	1976	+
U	9861994	9863034	Un_DS485842v1	1	1041	+
U	8125469	8127340	Un_DS484578v1	1	1872	+
U	9774739	9775794	Un_DS485766v1	1	1056	+
U	8270308	8272035	Un_DS484654v1	1	1728	+
U	9846004	9847046	Un_DS485828v1	1	1043	+
U	7510409	7512802	Un_DS484301v1	1	2394	+
U	5389914	5391114	Un_DS483740v1	1	1201	+
U	5400253	5401915	Un_DS483740v1	10340	12002	+
U	8180148	8181973	Un_DS484606v1	1	1826	+
U	7300108	7302695	Un_DS484220v1	1	2588	+
U	9676762	9677837	Un_DS485682v1	1	1076	+
U	9534863	9535971	Un_DS485563v1	1	1109	+
U	8891134	8892396	Un_DS485059v1	1	1263	+
U	10043633	10044633	Un_DS486004v1	1	1001	+
U	6990320	6993200	Un_DS484111v1	1	2881	+
U	4422140	4423414	Un_DS483674v1	1	1275	+
U	4432379	4434771	Un_DS483674v1	10240	12632	+
U	8659850	8661223	Un_DS484895v1	1	1374	+
U	8123487	8125368	Un_DS484577v1	1	1882	+
U	7747966	7750155	Un_DS484400v1	1	2190	+
U	8388255	8389835	Un_DS484721v1	1	1581	+
U	9493617	9494733	Un_DS485529v1	1	1117	+
U	7848550	7848608	Un_DS484445v1	1	59	+
U	8561367	8561582	Un_DS484445v1	1877	2092	+
U	8797338	8798636	Un_DS484991v1	1	1299	+
U	8248204	8249957	Un_DS484642v1	1	1754	+
U	6165765	6166331	Un_DS483876v1	1	567	+
U	6167082	6169952	Un_DS483876v1	1318	4188	+
U	9890436	9891470	Un_DS485867v1	1	1035	+
U	7356165	7358711	Un_DS484241v1	1	2547	+
U	9585426	9586523	Un_DS485605v1	1	1098	+
U	7585192	7587012	Un_DS484331v1	532	2352	+
U	6975409	6978292	Un_DS484106v1	1	2884	+
U	9294458	9295614	Un_DS485368v1	1	1157	+
U	7447251	7449697	Un_DS484276v1	1	2447	+
U	8816859	8818147	Un_DS485005v1	1	1289	+
U	9420149	9421280	Un_DS485469v1	1	1132	+
U	6073681	6078057	Un_DS483855v1	1	4377	+
U	4265045	4266451	Un_DS483662v1	1	1407	+
U	4273252	4278361	Un_DS483662v1	8208	13317	+
U	8690576	8691927	Un_DS484916v1	1	1352	+
U	9527605	9528714	Un_DS485557v1	1	1110	+
U	5250867	5254810	Un_DS483726v1	1	3944	+
U	5262884	5265849	Un_DS483726v1	12018	14983	+
U	8857424	8857428	Un_DS483726v1	11496	11500	-
U	8856906	8857422	Un_DS483726v1	11501	12017	-
U	9404111	9405245	Un_DS485456v1	1	1135	+
U	9930002	9931027	Un_DS485902v1	1	1026	+
U	8223897	8225681	Un_DS484629v1	1	1785	+
U	8969396	8970631	Un_DS485117v1	1	1236	+
U	9418917	9420048	Un_DS485468v1	1	1132	+
U	7413820	7416306	Un_DS484263v1	1	2487	+
U	9110501	9111700	Un_DS485224v1	1	1200	+
U	9021706	9022493	Un_DS485156v1	438	1225	+
U	10029292	10030296	Un_DS485991v1	1	1005	+
U	9285654	9286812	Un_DS485361v1	1	1159	+
U	9675586	9676661	Un_DS485681v1	1	1076	+
U	8784715	8786018	Un_DS484982v1	1	1304	+
U	8994725	8995955	Un_DS485136v1	1	1231	+
U	5364399	5366256	Un_DS483738v1	1	1858	+
U	5374250	5377254	Un_DS483738v1	9852	12856	+
U	9731795	9732858	Un_DS485729v1	1	1064	+
U	9605731	9606820	Un_DS485622v1	1	1090	+
U	8509839	8511306	Un_DS484796v1	1	1468	+
U	9663810	9664316	Un_DS485671v1	1	507	+
U	9837108	9837894	Un_DS485820v1	259	1045	+
U	8918340	8919592	Un_DS485079v1	1	1253	+
U	5642083	5648158	Un_DS483772v1	1	6076	+
U	7459955	7462392	Un_DS484281v1	1	2438	+
U	6831222	6834294	Un_DS484059v1	1	3073	+
U	8847275	8848551	Un_DS485027v1	1	1277	+
U	8990732	8991962	Un_DS485133v1	1	1231	+
U	9068723	9069932	Un_DS485192v1	1	1210	+
U	4657426	4660401	Un_DS483693v1	1	2976	+
U	4660472	4661602	Un_DS483693v1	3047	4177	+
U	4667667	4669383	Un_DS483693v1	10242	11958	+
U	8158843	8160685	Un_DS484595v1	1	1843	+
U	7442138	7443384	Un_DS484274v1	1	1247	+
U	7443540	7444599	Un_DS484274v1	1403	2462	+
U	9946856	9947877	Un_DS485917v1	1	1022	+
U	7557598	7559966	Un_DS484320v1	1	2369	+
U	7924395	7926424	Un_DS484480v1	1	2030	+
U	8127441	8129312	Un_DS484579v1	1	1872	+
U	10017127	10018134	Un_DS485980v1	1	1008	+
U	9496051	9497166	Un_DS485531v1	1	1116	+
U	8487797	8489280	Un_DS484782v1	1	1484	+
U	8242626	8244386	Un_DS484639v1	1	1761	+
U	9450869	9451994	Un_DS485494v1	1	1126	+
U	7348212	7349333	Un_DS484238v1	1	1122	+
U	7349631	7350766	Un_DS484238v1	1420	2555	+
U	10000477	10001488	Un_DS485965v1	1	1012	+
U	7995719	7997684	Un_DS484514v1	1	1966	+
U	8935889	8937134	Un_DS485092v1	1	1246	+
U	9961984	9962442	Un_DS484542v1	732	1190	+
U	6532171	6535660	Un_DS483970v1	1	3490	+
U	8229533	8231307	Un_DS484632v1	1	1775	+
U	7226541	7229187	Un_DS484193v1	1	2647	+
U	7939248	7941257	Un_DS484487v1	1	2010	+
U	9746918	9747979	Un_DS485742v1	1	1062	+
U	6341835	6343620	Un_DS483919v1	1	1786	+
U	7537771	7540152	Un_DS484312v1	1	2382	+
U	9673233	9674309	Un_DS485679v1	1	1077	+
U	5788773	5794132	Un_DS483797v1	1	5360	+
U	9817354	9818401	Un_DS485803v1	1	1048	+
U	7545215	7547593	Un_DS484315v1	1	2379	+
U	9941246	9942267	Un_DS485912v1	1	1022	+
U	8976071	8977304	Un_DS485122v1	1	1234	+
U	8726590	8727922	Un_DS484941v1	1	1333	+
U	5305850	5308864	Un_DS483734v1	1	3015	+
U	5315328	5321371	Un_DS483734v1	9479	15522	+
U	7987434	7989408	Un_DS484510v1	1	1975	+
U	6730827	6734022	Un_DS484028v1	1	3196	+
U	8091546	8093448	Un_DS484561v1	1	1903	+
U	7119271	7122060	Un_DS484155v1	1	2790	+
U	9205854	9207031	Un_DS485298v1	1	1178	+
U	8819636	8820922	Un_DS485007v1	1	1287	+
U	8665742	8667110	Un_DS484899v1	1	1369	+
U	9511848	9512961	Un_DS485544v1	1	1114	+
U	9860853	9861893	Un_DS485841v1	1	1041	+
U	9596192	9597285	Un_DS485614v1	1	1094	+
U	8264809	8266542	Un_DS484651v1	1	1734	+
U	8756524	8757838	Un_DS484962v1	1	1315	+
U	5377355	5378416	Un_DS483739v1	1	1062	+
U	5387184	5388435	Un_DS483739v1	9830	11081	+
U	5388515	5389813	Un_DS483739v1	11161	12459	+
U	10020449	10021454	Un_DS485983v1	1	1006	+
U	9557794	9558898	Un_DS485582v1	1	1105	+
U	9905164	9906194	Un_DS485880v1	1	1031	+
U	9173816	9175000	Un_DS485273v1	1	1185	+
U	9558999	9560103	Un_DS485583v1	1	1105	+
U	9219885	9221057	Un_DS485309v1	1	1173	+
U	9369433	9370574	Un_DS485428v1	1	1142	+
U	8763592	8764902	Un_DS484967v1	1	1311	+
U	8681850	8683205	Un_DS484910v1	1	1356	+
U	8069391	8071314	Un_DS484550v1	1	1924	+
U	9657911	9658990	Un_DS485666v1	1	1080	+
U	9617627	9618714	Un_DS485632v1	1	1088	+
U	5761144	5766608	Un_DS483792v1	1	5465	+
U	10023767	10024771	Un_DS485986v1	1	1005	+
U	8646564	8647940	Un_DS484886v1	1	1377	+
U	8326201	8327875	Un_DS484685v1	1	1675	+
U	7215475	7216668	Un_DS484189v1	1	1194	+
U	7216810	7218143	Un_DS484189v1	1336	2669	+
U	6720928	6724128	Un_DS484025v1	1	3201	+
U	9162246	9163431	Un_DS485264v1	1	1186	+
U	8182074	8183892	Un_DS484607v1	1	1819	+
U	6078158	6082527	Un_DS483856v1	1	4370	+
U	9482659	9483776	Un_DS485520v1	1	1118	+
U	9727135	9728200	Un_DS485725v1	1	1066	+
U	9014643	9015868	Un_DS485151v1	1	1226	+
U	9454547	9455671	Un_DS485497v1	1	1125	+
U	10034813	10035816	Un_DS485996v1	1	1004	+
U	8970732	8971966	Un_DS485118v1	1	1235	+
U	9105297	9106498	Un_DS485220v1	1	1202	+
U	9542114	9543221	Un_DS485569v1	1	1108	+
U	7102924	7104705	Un_DS484149v1	1014	2795	+
U	9959197	9959706	Un_DS484149v1	1	510	+
U	9959707	9959915	Un_DS484149v1	520	728	+
U	9959919	9960156	Un_DS484149v1	729	966	+
U	9960158	9960204	Un_DS484149v1	967	1013	+
U	8982740	8983972	Un_DS485127v1	1	1233	+
U	9383078	9384216	Un_DS485439v1	1	1139	+
U	4409386	4409725	Un_DS483673v1	1	340	+
U	4411369	4412833	Un_DS483673v1	1984	3448	+
U	4421271	4421625	Un_DS483673v1	11886	12240	+
U	8709356	8710694	Un_DS484929v1	1	1339	+
U	9385556	9386694	Un_DS485441v1	1	1139	+
U	4751656	4752744	Un_DS483701v1	1	1089	+
U	9809313	9810361	Un_DS485796v1	1	1049	+
U	9102692	9103894	Un_DS485218v1	1	1203	+
U	9711948	9713017	Un_DS485712v1	1	1070	+
U	6564307	6567740	Un_DS483979v1	1	3434	+
U	8929152	8930400	Un_DS485087v1	1	1249	+
U	8650995	8652371	Un_DS484889v1	1	1377	+
U	7485255	7487675	Un_DS484291v1	1	2421	+
U	8882950	8884215	Un_DS485053v1	1	1266	+
U	6936302	6939223	Un_DS484093v1	1	2922	+
U	9871114	9872152	Un_DS485850v1	1	1039	+
U	9135138	9136330	Un_DS485243v1	1	1193	+
U	9098783	9099985	Un_DS485215v1	1	1203	+
U	9296972	9298127	Un_DS485370v1	1	1156	+
U	5933264	5938078	Un_DS483825v1	1	4815	+
U	5908483	5910916	Un_DS483820v1	1	2434	+
U	5911095	5913370	Un_DS483820v1	2613	4888	+
U	8594396	8595803	Un_DS484851v1	1	1408	+
U	4596825	4597992	Un_DS483688v1	1	1168	+
U	4607267	4608919	Un_DS483688v1	10443	12095	+
U	9122186	9123382	Un_DS485233v1	1	1197	+
U	8588358	8589768	Un_DS484847v1	1	1411	+
U	9313287	9314440	Un_DS485383v1	1	1154	+
U	7826556	7828660	Un_DS484435v1	1	2105	+
U	8099557	8101457	Un_DS484565v1	1	1901	+
U	9308271	9309424	Un_DS485379v1	1	1154	+
U	7754834	7757020	Un_DS484403v1	1	2187	+
U	6384392	6388107	Un_DS483930v1	1	3716	+
U	8235157	8236926	Un_DS484635v1	1	1770	+
U	7329574	7332147	Un_DS484231v1	1	2574	+
U	9324559	9325709	Un_DS485392v1	1	1151	+
U	6951395	6954305	Un_DS484098v1	1	2911	+
U	8313730	8315414	Un_DS484678v1	1	1685	+
U	9483877	9484994	Un_DS485521v1	1	1118	+
U	9145480	9146671	Un_DS485251v1	1	1192	+
U	4434872	4436537	Un_DS483675v1	1	1666	+
U	4443728	4447407	Un_DS483675v1	8857	12536	+
U	9785133	9786185	Un_DS485775v1	1	1053	+
U	8574709	8576130	Un_DS484838v1	1	1422	+
U	9160958	9162145	Un_DS485263v1	1	1188	+
U	8745168	8746490	Un_DS484954v1	1	1323	+
U	5402016	5405477	Un_DS483741v1	1	3462	+
U	5412784	5413822	Un_DS483741v1	10769	11807	+
U	9940123	9941145	Un_DS485911v1	1	1023	+
U	7125049	7127835	Un_DS484157v1	1	2787	+
U	9622379	9623466	Un_DS485636v1	1	1088	+
U	9241476	9242641	Un_DS485326v1	1	1166	+
U	9629504	9630590	Un_DS485642v1	1	1087	+
U	9058233	9059444	Un_DS485184v1	1	1212	+
U	4278462	4280237	Un_DS483663v1	1	1776	+
U	4288135	4291717	Un_DS483663v1	9674	13256	+
U	5826575	5829242	Un_DS483804v1	1	2668	+
U	5829430	5831763	Un_DS483804v1	2856	5189	+
U	7159449	7162184	Un_DS484169v1	1	2736	+
U	9447191	9448316	Un_DS485491v1	1	1126	+
U	9647277	9648359	Un_DS485657v1	1	1083	+
U	9790898	9791950	Un_DS485780v1	1	1053	+
U	7387731	7390250	Un_DS484253v1	1	2520	+
U	8151046	8152899	Un_DS484591v1	1	1854	+
U	8825183	8826467	Un_DS485011v1	1	1285	+
U	9741103	9742165	Un_DS485737v1	1	1063	+
U	9026567	9027790	Un_DS485160v1	1	1224	+
U	9089652	9090856	Un_DS485208v1	1	1205	+
U	9717795	9718863	Un_DS485717v1	1	1069	+
U	8640651	8642029	Un_DS484882v1	1	1379	+
U	9900637	9901668	Un_DS485876v1	1	1032	+
U	9376879	9378018	Un_DS485434v1	1	1140	+
U	6647398	6650681	Un_DS484003v1	1	3284	+
U	9981549	9982563	Un_DS485948v1	1	1015	+
U	7606630	7608957	Un_DS484340v1	1	2328	+
U	8903392	8904651	Un_DS485068v1	1	1260	+
U	9498483	9499598	Un_DS485533v1	1	1116	+
U	8475087	8476578	Un_DS484774v1	1	1492	+
U	9198184	9199362	Un_DS485292v1	1	1179	+
U	7122161	7124948	Un_DS484156v1	1	2788	+
U	9708438	9709507	Un_DS485709v1	1	1070	+
U	9980433	9981448	Un_DS485947v1	1	1016	+
U	8057227	8059155	Un_DS484544v1	1	1929	+
U	8016354	8018314	Un_DS484524v1	1	1961	+
U	9491183	9492299	Un_DS485527v1	1	1117	+
U	8204982	8206781	Un_DS484619v1	1	1800	+
U	7525351	7527735	Un_DS484307v1	1	2385	+
U	4584583	4586381	Un_DS483687v1	1	1799	+
U	4594392	4596272	Un_DS483687v1	9810	11690	+
U	4596584	4596724	Un_DS483687v1	12002	12142	+
U	7887838	7889901	Un_DS484463v1	1	2064	+
U	9971496	9972513	Un_DS485939v1	1	1018	+
U	9071342	9072550	Un_DS485194v1	1	1209	+
U	7465028	7467461	Un_DS484283v1	1	2434	+
U	9458221	9459344	Un_DS485500v1	1	1124	+
U	7198801	7201488	Un_DS484183v1	1	2688	+
U	7964496	7966490	Un_DS484499v1	1	1995	+
U	9256654	9257816	Un_DS485338v1	1	1163	+
U	8859654	8860927	Un_DS485036v1	1	1274	+
U	8075458	8077374	Un_DS484553v1	1	1917	+
U	9563815	9564917	Un_DS485587v1	1	1103	+
U	7804414	7806537	Un_DS484425v1	1	2124	+
U	8519229	8520690	Un_DS484802v1	1	1462	+
U	9232601	9233769	Un_DS485319v1	1	1169	+
U	8439517	8441048	Un_DS484752v1	1	1532	+
U	9615249	9616337	Un_DS485630v1	1	1089	+
U	6326107	6329964	Un_DS483915v1	1	3858	+
U	9027891	9029114	Un_DS485161v1	1	1224	+
U	9436142	9437270	Un_DS485482v1	1	1129	+
U	8729456	8730787	Un_DS484943v1	1	1332	+
U	8514540	8516003	Un_DS484799v1	1	1464	+
U	7390351	7392867	Un_DS484254v1	1	2517	+
U	7972864	7974851	Un_DS484503v1	1	1988	+
U	9330810	9331957	Un_DS485397v1	1	1148	+
U	8815469	8816758	Un_DS485004v1	1	1290	+
U	8873369	8874638	Un_DS485046v1	1	1270	+
U	9312033	9313186	Un_DS485382v1	1	1154	+
U	9730631	9731694	Un_DS485728v1	1	1064	+
U	8980073	8981306	Un_DS485125v1	1	1234	+
U	9079195	9080402	Un_DS485200v1	1	1208	+
U	7905129	7907178	Un_DS484471v1	1	2050	+
U	9979317	9980332	Un_DS485946v1	1	1016	+
U	8628798	8630181	Un_DS484874v1	1	1384	+
U	9154513	9155701	Un_DS485258v1	1	1189	+
U	9851718	9852759	Un_DS485833v1	1	1042	+
U	9977085	9978100	Un_DS485944v1	1	1016	+
U	9714288	9715356	Un_DS485714v1	1	1069	+
U	9410284	9411417	Un_DS485461v1	1	1134	+
U	8559447	8560876	Un_DS484828v1	1	1430	+
U	8568614	8570037	Un_DS484834v1	1	1424	+
U	6318172	6319752	Un_DS483913v1	1	1581	+
U	6319878	6322042	Un_DS483913v1	1707	3871	+
U	4370830	4371936	Un_DS483670v1	1	1107	+
U	4381248	4383656	Un_DS483670v1	10419	12827	+
U	7808857	7810973	Un_DS484427v1	1	2117	+
U	9140310	9141502	Un_DS485247v1	1	1193	+
U	6905922	6908878	Un_DS484083v1	1	2957	+
U	9494834	9495950	Un_DS485530v1	1	1117	+
U	8837625	8838904	Un_DS485020v1	1	1280	+
U	9844861	9845903	Un_DS485827v1	1	1043	+
U	6792917	6796039	Un_DS484047v1	1	3123	+
U	9011991	9013216	Un_DS485149v1	1	1226	+
U	7475154	7477581	Un_DS484287v1	1	2428	+
U	9644911	9645993	Un_DS485655v1	1	1083	+
U	9764324	9765381	Un_DS485757v1	1	1058	+
U	6840719	6843776	Un_DS484062v1	1	3058	+
U	9963663	9964681	Un_DS485932v1	1	1019	+
U	7626002	7628309	Un_DS484348v1	1	2308	+
U	8327976	8329642	Un_DS484686v1	1	1667	+
U	9148063	9149253	Un_DS485253v1	1	1191	+
U	9987122	9988135	Un_DS485953v1	1	1014	+
U	8534798	8536248	Un_DS484812v1	1	1451	+
U	7857309	7859395	Un_DS484449v1	1	2087	+
U	8854157	8855431	Un_DS485032v1	1	1275	+
U	7833169	7835270	Un_DS484438v1	1	2102	+
U	9953583	9954603	Un_DS485923v1	1	1021	+
U	9216065	9217238	Un_DS485306v1	1	1174	+
U	6550066	6553531	Un_DS483975v1	1	3466	+
U	9779362	9780416	Un_DS485770v1	1	1055	+
U	9084427	9085633	Un_DS485204v1	1	1207	+
U	7970774	7972763	Un_DS484502v1	1	1990	+
U	9659091	9660170	Un_DS485667v1	1	1080	+
U	4485265	4486400	Un_DS483679v1	1	1136	+
U	4494450	4497688	Un_DS483679v1	9186	12424	+
U	6896730	6899700	Un_DS484080v1	1	2971	+
U	8373005	8374614	Un_DS484712v1	1	1610	+
U	8423131	8424673	Un_DS484742v1	1	1543	+
U	9500915	9502030	Un_DS485535v1	1	1116	+
U	7986932	7987333	Un_DS484509v1	1575	1976	+
U	9093567	9094771	Un_DS485211v1	1	1205	+
U	6126795	6131066	Un_DS483867v1	1	4272	+
U	8900670	8901930	Un_DS485066v1	1	1261	+
U	7008154	7011013	Un_DS484117v1	1	2860	+
U	8713673	8715009	Un_DS484932v1	1	1337	+
U	9506992	9508105	Un_DS485540v1	1	1114	+
U	8539448	8540893	Un_DS484815v1	1	1446	+
U	6599289	6602661	Un_DS483989v1	1	3373	+
U	5610307	5615360	Un_DS483767v1	1	5054	+
U	5615681	5616702	Un_DS483767v1	5375	6396	+
U	9604540	9605630	Un_DS485621v1	1	1091	+
U	5703154	5707019	Un_DS483782v1	1	3866	+
U	5707601	5709068	Un_DS483782v1	4448	5915	+
U	9783980	9785032	Un_DS485774v1	1	1053	+
U	6104823	6109132	Un_DS483862v1	1	4310	+
U	7993653	7995618	Un_DS484513v1	1	1966	+
U	8634729	8636109	Un_DS484878v1	1	1381	+
U	5350746	5354816	Un_DS483737v1	1	4071	+
U	5362079	5364298	Un_DS483737v1	11334	13553	+
U	4609020	4611728	Un_DS483689v1	1	2709	+
U	4619928	4621053	Un_DS483689v1	10909	12034	+
U	8301174	8302876	Un_DS484671v1	1	1703	+
U	9434913	9436041	Un_DS485481v1	1	1129	+
U	8024588	8026534	Un_DS484528v1	1	1947	+
U	8511407	8512873	Un_DS484797v1	1	1467	+
U	9898372	9899404	Un_DS485874v1	1	1033	+
U	7472625	7475053	Un_DS484286v1	1	2429	+
U	7182023	7184725	Un_DS484177v1	1	2703	+
U	5888391	5890884	Un_DS483816v1	1	2494	+
U	8137293	8139161	Un_DS484584v1	1	1869	+
U	9548151	9549256	Un_DS485574v1	1	1106	+
U	8840384	8841662	Un_DS485022v1	1	1279	+
U	9756211	9757270	Un_DS485750v1	1	1060	+
U	5883324	5886780	Un_DS483815v1	1	3457	+
U	5887696	5888290	Un_DS483815v1	4373	4967	+
U	7722668	7724874	Un_DS484389v1	1	2207	+
U	8273961	8275209	Un_DS484656v1	1	1249	+
U	8784140	8784614	Un_DS484656v1	1250	1724	-
U	9539698	9540805	Un_DS485567v1	1	1108	+
U	8338501	8340143	Un_DS484692v1	1	1643	+
U	6087092	6088093	Un_DS483858v1	1	1002	+
U	6088321	6091452	Un_DS483858v1	1230	4361	+
U	7876965	7879043	Un_DS484458v1	1	2079	+
U	9612871	9613959	Un_DS485628v1	1	1089	+
U	10001589	10002599	Un_DS485966v1	1	1011	+
U	7697141	7699372	Un_DS484378v1	1	2232	+
U	9760849	9761907	Un_DS485754v1	1	1059	+
U	9947978	9948998	Un_DS485918v1	1	1021	+
U	9226248	9227418	Un_DS485314v1	1	1171	+
U	6470495	6474051	Un_DS483953v1	1	3557	+
U	7611486	7613811	Un_DS484342v1	1	2326	+
U	8084044	8085430	Un_DS484557v1	521	1907	+
U	7424142	7425324	Un_DS484267v1	1	1183	+
U	7425447	7426617	Un_DS484267v1	1306	2476	+
U	6704379	6707596	Un_DS484020v1	1	3218	+
U	9488749	9489865	Un_DS485525v1	1	1117	+
U	9370675	9371815	Un_DS485429v1	1	1141	+
U	8930501	8931748	Un_DS485088v1	1	1248	+
U	9537281	9537316	Un_DS485565v1	1	36	+
U	9537320	9538389	Un_DS485565v1	40	1109	+
U	6139866	6144096	Un_DS483870v1	1	4231	+
U	8571662	8573085	Un_DS484836v1	1	1424	+
U	6972420	6975308	Un_DS484105v1	1	2889	+
U	9915335	9916363	Un_DS485889v1	1	1029	+
U	6984357	6987238	Un_DS484109v1	1	2882	+
U	8923749	8924999	Un_DS485083v1	1	1251	+
U	9872253	9873291	Un_DS485851v1	1	1039	+
U	6440957	6444578	Un_DS483945v1	1	3622	+
U	6915080	6918022	Un_DS484086v1	1	2943	+
U	9804715	9805764	Un_DS485792v1	1	1050	+
U	8926451	8927701	Un_DS485085v1	1	1251	+
U	5991335	5994519	Un_DS483837v1	1	3185	+
U	5994548	5995942	Un_DS483837v1	3214	4608	+
U	8953341	8954580	Un_DS485105v1	1	1240	+
U	9690860	9691933	Un_DS485694v1	1	1074	+
U	9320804	9321955	Un_DS485389v1	1	1152	+
U	4762976	4764374	Un_DS483702v1	1	1399	+
U	6363958	6363975	Un_DS485640v1	1070	1087	-
U	6131167	6134035	Un_DS483868v1	1	2869	+
U	6134253	6135422	Un_DS483868v1	3087	4256	+
U	9820798	9821845	Un_DS485806v1	1	1048	+
U	8340244	8341884	Un_DS484693v1	1	1641	+
U	9611681	9612770	Un_DS485627v1	1	1090	+
U	9137724	9138916	Un_DS485245v1	1	1193	+
U	9573431	9574531	Un_DS485595v1	1	1101	+
U	9146772	9147962	Un_DS485252v1	1	1191	+
U	9662631	9663709	Un_DS485670v1	1	1079	+
U	9015969	9017193	Un_DS485152v1	1	1225	+
U	6890566	6893547	Un_DS484078v1	1	2982	+
U	7262152	7263442	Un_DS484206v1	1	1291	+
U	7263584	7264779	Un_DS484206v1	1433	2628	+
U	9560204	9561308	Un_DS485584v1	1	1105	+
U	8473493	8474986	Un_DS484773v1	1	1494	+
U	9325810	9326959	Un_DS485393v1	1	1150	+
U	7223777	7225136	Un_DS484192v1	1	1360	+
U	7225428	7226440	Un_DS484192v1	1652	2664	+
U	6228981	6233010	Un_DS483891v1	1	4030	+
U	6818516	6820058	Un_DS484055v1	1	1543	+
U	6820329	6821595	Un_DS484055v1	1814	3080	+
U	6687743	6690976	Un_DS484015v1	1	3234	+
U	9868835	9869874	Un_DS485848v1	1	1040	+
U	9106599	9107799	Un_DS485221v1	1	1201	+
U	9114400	9115598	Un_DS485227v1	1	1199	+
U	9347030	9348176	Un_DS485410v1	1	1147	+
U	7775306	7777466	Un_DS484412v1	1	2161	+
U	7802190	7804313	Un_DS484424v1	1	2124	+
U	9022594	9023818	Un_DS485157v1	1	1225	+
U	8725157	8726489	Un_DS484940v1	1	1333	+
U	7894328	7896389	Un_DS484466v1	1	2062	+
U	7522866	7525250	Un_DS484306v1	1	2385	+
U	9568625	9569726	Un_DS485591v1	1	1102	+
U	6510552	6511712	Un_DS483964v1	1	1161	+
U	6511860	6514070	Un_DS483964v1	1309	3519	+
U	8436251	8437783	Un_DS484750v1	1	1533	+
U	8283063	8284778	Un_DS484661v1	1	1716	+
U	8208780	8210576	Un_DS484621v1	1	1797	+
U	8706476	8707815	Un_DS484927v1	1	1340	+
U	9246540	9247705	Un_DS485330v1	1	1166	+
U	10025977	10026981	Un_DS485988v1	1	1005	+
U	9850576	9851617	Un_DS485832v1	1	1042	+
U	8866514	8867784	Un_DS485041v1	1	1271	+
U	9902901	9903932	Un_DS485878v1	1	1032	+
U	9000044	9001272	Un_DS485140v1	1	1229	+
U	9358243	9359386	Un_DS485419v1	1	1144	+
U	8648041	8649417	Un_DS484887v1	1	1377	+
U	9209688	9210864	Un_DS485301v1	1	1177	+
U	8018415	8020375	Un_DS484525v1	1	1961	+
U	7278478	7281089	Un_DS484212v1	1	2612	+
U	6978393	6981274	Un_DS484107v1	1	2882	+
U	8710795	8712133	Un_DS484930v1	1	1339	+
U	8992063	8993293	Un_DS485134v1	1	1231	+
U	7358812	7359878	Un_DS484242v1	1	1067	+
U	7360190	7361352	Un_DS484242v1	1379	2541	+
U	8172428	8174259	Un_DS484602v1	1	1832	+
U	7766243	7768415	Un_DS484408v1	1	2173	+
U	8902031	8903291	Un_DS485067v1	1	1261	+
U	9204576	9205753	Un_DS485297v1	1	1178	+
U	8352391	8354015	Un_DS484700v1	1	1625	+
U	7594447	7596788	Un_DS484335v1	1	2342	+
U	9038470	9039689	Un_DS485169v1	1	1220	+
U	9394223	9395359	Un_DS485448v1	1	1137	+
U	5918450	5923314	Un_DS483822v1	1	4865	+
U	8503560	8505030	Un_DS484792v1	1	1471	+
U	5321472	5322575	Un_DS483735v1	1	1104	+
U	5323073	5323378	Un_DS483735v1	1602	1907	+
U	5323380	5323383	Un_DS483735v1	1909	1912	+
U	5323385	5324073	Un_DS483735v1	1914	2602	+
U	5330853	5336539	Un_DS483735v1	9382	15068	+
U	9642543	9643626	Un_DS485653v1	1	1084	+
U	8284879	8286593	Un_DS484662v1	1	1715	+
U	6640609	6643907	Un_DS484001v1	1	3299	+
U	9590215	9591310	Un_DS485609v1	1	1096	+
U	9237675	9238841	Un_DS485323v1	1	1167	+
U	4086645	4092140	Un_DS483649v1	1	5496	+
U	4095169	4096148	Un_DS483649v1	8525	9504	+
U	4096287	4100579	Un_DS483649v1	9643	13935	+
U	6850167	6853209	Un_DS484065v1	1	3043	+
U	8858280	8859553	Un_DS485035v1	1	1274	+
U	9924365	9925392	Un_DS485897v1	1	1028	+
U	6969427	6971002	Un_DS484104v1	1	1576	+
U	6971135	6972297	Un_DS484104v1	1709	2871	+
U	6109233	6113537	Un_DS483863v1	1	4305	+
U	7552651	7555025	Un_DS484318v1	1	2375	+
U	9989350	9990363	Un_DS485955v1	1	1014	+
U	8055196	8057126	Un_DS484543v1	1	1931	+
U	7527836	7530220	Un_DS484308v1	1	2385	+
U	9019944	9021168	Un_DS485155v1	1	1225	+
U	8956020	8957258	Un_DS485107v1	1	1239	+
U	6261798	6265761	Un_DS483899v1	1	3964	+
U	9029215	9030437	Un_DS485162v1	1	1223	+
U	6981375	6984256	Un_DS484108v1	1	2882	+
U	9502131	9503246	Un_DS485536v1	1	1116	+
U	8350662	8352290	Un_DS484699v1	1	1629	+
U	6930252	6933177	Un_DS484091v1	1	2926	+
U	9005356	9006582	Un_DS485144v1	1	1227	+
U	9151934	9153123	Un_DS485256v1	1	1190	+
U	8199279	8201080	Un_DS484616v1	1	1802	+
U	8610923	8612316	Un_DS484862v1	1	1394	+
U	8442867	8443090	Un_DS484754v1	90	313	+
U	8443097	8444304	Un_DS484754v1	320	1527	+
U	8201181	8202981	Un_DS484617v1	1	1801	+
U	8692028	8693378	Un_DS484917v1	1	1351	+
U	9530025	9531134	Un_DS485559v1	1	1110	+
U	7017030	7019884	Un_DS484120v1	1	2855	+
U	6578379	6581774	Un_DS483983v1	1	3396	+
U	8484625	8486111	Un_DS484780v1	1	1487	+
U	7090317	7093120	Un_DS484145v1	1	2804	+
U	8664271	8665641	Un_DS484898v1	1	1371	+
U	8705036	8706375	Un_DS484926v1	1	1340	+
U	8153000	8154850	Un_DS484592v1	1	1851	+
U	9118295	9119491	Un_DS485230v1	1	1197	+
U	8622857	8624242	Un_DS484870v1	1	1386	+
U	8131384	8133253	Un_DS484581v1	1	1870	+
U	9725968	9727034	Un_DS485724v1	1	1067	+
U	9692034	9692597	Un_DS485695v2	1	564	+
U	5691034	5697001	Un_DS483780v1	1	5968	+
U	6660902	6664163	Un_DS484007v1	1	3262	+
U	7326899	7329473	Un_DS484230v1	1	2575	+
U	5903480	5908382	Un_DS483819v1	1	4903	+
U	5577194	5583891	Un_DS483762v1	1	6698	+
U	6245447	6249452	Un_DS483895v1	1	4006	+
U	6380575	6384291	Un_DS483929v1	1	3717	+
U	6763662	6766832	Un_DS484038v1	1	3171	+
U	6023967	6028437	Un_DS483844v1	1	4471	+
U	5837146	5842243	Un_DS483806v1	1	5098	+
U	5868048	5873043	Un_DS483812v1	1	4996	+
U	6433497	6437134	Un_DS483943v1	1	3638	+
U	5514163	5521285	Un_DS483753v1	1	7123	+
U	7087406	7090216	Un_DS484144v1	1	2811	+
U	6366841	6368962	Un_DS483925v1	1634	3755	+
U	5732824	5738521	Un_DS483787v1	1	5698	+
U	6927225	6930151	Un_DS484090v1	1	2927	+
U	5542529	5549428	Un_DS483757v1	1	6900	+
U	6670984	6674242	Un_DS484010v1	1	3259	+
U	7371989	7374517	Un_DS484247v1	1	2529	+
U	7153760	7156504	Un_DS484167v1	1	2745	+
U	7058203	7061030	Un_DS484134v1	1	2828	+
U	6812151	6815235	Un_DS484053v1	1	3085	+
U	6091553	6095888	Un_DS483859v1	1	4336	+
U	5654421	5660461	Un_DS483774v1	1	6041	+
U	5629534	5635726	Un_DS483770v1	1	6193	+
U	6448382	6451984	Un_DS483947v1	1	3603	+
U	6474152	6477705	Un_DS483954v1	1	3554	+
U	7305480	7308062	Un_DS484222v1	1	2583	+
U	6933278	6936201	Un_DS484092v1	1	2924	+
U	4058477	4062080	Un_DS483647v1	1	3604	+
U	4067543	4068405	Un_DS483647v1	9067	9929	+
U	4068891	4072504	Un_DS483647v1	10415	14028	+
U	6942346	6945264	Un_DS484095v1	1	2919	+
U	6418514	6418527	Un_DS483776v1	1727	1740	+
U	6418528	6418565	Un_DS483776v1	1742	1779	+
U	6418569	6418631	Un_DS483776v1	1780	1842	+
U	6418636	6418866	Un_DS483776v1	1843	2073	+
U	6418906	6419028	Un_DS483776v1	2074	2196	+
U	6419029	6419779	Un_DS483776v1	2198	2948	+
U	6419780	6419840	Un_DS483776v1	2950	3010	+
U	6419842	6419884	Un_DS483776v1	3011	3053	+
U	6419888	6419889	Un_DS483776v1	3054	3055	+
U	6419891	6419899	Un_DS483776v1	3056	3064	+
U	6419900	6419901	Un_DS483776v1	3072	3073	+
U	6419902	6419907	Un_DS483776v1	3075	3080	+
U	6419908	6419920	Un_DS483776v1	3084	3096	+
U	6419922	6419925	Un_DS483776v1	3097	3100	+
U	6419927	6419933	Un_DS483776v1	3101	3107	+
U	6419966	6419976	Un_DS483776v1	3108	3118	+
U	6419978	6420032	Un_DS483776v1	3119	3173	+
U	6420038	6420243	Un_DS483776v1	3174	3379	+
U	6420244	6420705	Un_DS483776v1	3384	3845	+
U	6420707	6421037	Un_DS483776v1	3846	4176	+
U	6421038	6421100	Un_DS483776v1	4180	4242	+
U	6421101	6421404	Un_DS483776v1	4247	4550	+
U	6421405	6421677	Un_DS483776v1	4552	4824	+
U	6421700	6421702	Un_DS483776v1	4825	4827	+
U	6421713	6421715	Un_DS483776v1	4828	4830	+
U	6421723	6422109	Un_DS483776v1	4831	5217	+
U	6422110	6422159	Un_DS483776v1	5219	5268	+
U	7337583	7340143	Un_DS484234v1	1	2561	+
U	2515549	2515581	Un_DS483986v1	5	37	-
U	2515504	2515544	Un_DS483986v1	38	78	-
U	2515500	2515502	Un_DS483986v1	79	81	-
U	2515492	2515499	Un_DS483986v1	83	90	-
U	2515487	2515491	Un_DS483986v1	92	96	-
U	2515344	2515485	Un_DS483986v1	97	238	-
U	2515262	2515343	Un_DS483986v1	240	321	-
U	2515247	2515261	Un_DS483986v1	325	339	-
U	2515202	2515245	Un_DS483986v1	340	383	-
U	2515054	2515201	Un_DS483986v1	388	535	-
U	2514340	2515053	Un_DS483986v1	546	1259	-
U	2514221	2514339	Un_DS483986v1	1261	1379	-
U	2514206	2514220	Un_DS483986v1	1383	1397	-
U	2514159	2514204	Un_DS483986v1	1398	1443	-
U	2514158	2514158	Un_DS483986v1	1445	1445	-
U	2514118	2514157	Un_DS483986v1	1449	1488	-
U	2514115	2514117	Un_DS483986v1	1490	1492	-
U	2513606	2514113	Un_DS483986v1	1493	2000	-
U	2512807	2513605	Un_DS483986v1	2002	2800	-
U	2512798	2512806	Un_DS483986v1	2802	2810	-
U	2512703	2512796	Un_DS483986v1	2811	2904	-
U	2512698	2512701	Un_DS483986v1	2905	2908	-
U	2512665	2512697	Un_DS483986v1	2910	2942	-
U	2512510	2512663	Un_DS483986v1	2943	3096	-
U	2512223	2512509	Un_DS483986v1	3100	3386	-
U	6740712	6743901	Un_DS484031v1	1	3190	+
U	5873144	5878137	Un_DS483813v1	1	4994	+
U	7497855	7500271	Un_DS484296v1	1	2417	+
U	6455787	6459379	Un_DS483949v1	1	3593	+
U	6426011	6429656	Un_DS483941v1	1	3646	+
U	6585365	6588753	Un_DS483985v1	1	3389	+
U	7690142	7692375	Un_DS484375v1	1	2234	+
U	6697733	6700955	Un_DS484018v1	1	3223	+
U	6633799	6637106	Un_DS483999v1	1	3308	+
U	7395584	7398094	Un_DS484256v1	1	2511	+
U	7727281	7729485	Un_DS484391v1	1	2205	+
U	8047059	8048994	Un_DS484539v1	1	1936	+
U	6411004	6414663	Un_DS483937v1	1	3660	+
U	5947958	5952742	Un_DS483828v1	1	4785	+
U	6996278	6999153	Un_DS484113v1	1	2876	+
U	5862948	5867947	Un_DS483811v1	1	5000	+
U	7819927	7822038	Un_DS484432v1	1	2112	+
U	5967459	5972163	Un_DS483832v1	1	4705	+
U	6249553	6253543	Un_DS483896v1	1	3991	+
U	7806638	7808756	Un_DS484426v1	1	2119	+
U	8927802	8929051	Un_DS485086v1	1	1250	+
U	5805080	5810395	Un_DS483800v1	1	5316	+
U	6100413	6104587	Un_DS483861v1	1	4175	+
U	5583992	5590537	Un_DS483763v1	1	6546	+
U	5794233	5799556	Un_DS483798v1	1	5324	+
U	8625829	8627213	Un_DS484872v1	1	1385	+
U	8943956	8945197	Un_DS485098v1	1	1242	+
U	7487776	7490196	Un_DS484292v1	1	2421	+
U	9967020	9968038	Un_DS485935v1	1	1019	+
U	6265862	6269821	Un_DS483900v1	1	3960	+
U	9580632	9581730	Un_DS485601v1	1	1099	+
U	6667625	6670883	Un_DS484009v1	1	3259	+
U	9155802	9156990	Un_DS485259v1	1	1189	+
U	9055607	9056819	Un_DS485182v1	1	1213	+
U	6496371	6499577	Un_DS483960v1	321	3527	+
U	8411587	8413139	Un_DS484735v1	1	1553	+
U	7310844	7313420	Un_DS484224v1	1	2577	+
U	7661882	7664151	Un_DS484363v1	1	2270	+
U	5563449	5568132	Un_DS483760v1	1	4684	+
U	5568714	5570273	Un_DS483760v1	5266	6825	+
U	8266643	8268375	Un_DS484652v1	1	1733	+
U	6306190	6310095	Un_DS483910v1	1	3906	+
U	9364463	9365605	Un_DS485424v1	1	1143	+
U	7179215	7181922	Un_DS484176v1	1	2708	+
U	5842344	5847402	Un_DS483807v1	1	5059	+
U	5783290	5788672	Un_DS483796v1	1	5383	+
U	5521386	5526108	Un_DS483754v1	1	4723	+
U	5526143	5528388	Un_DS483754v1	4758	7003	+
U	5549529	5554278	Un_DS483758v1	1	4750	+
U	5554640	5556388	Un_DS483758v1	5112	6860	+
U	6033103	6037554	Un_DS483846v1	1	4452	+
U	7550173	7551440	Un_DS484317v1	1	1268	+
U	7551546	7552550	Un_DS484317v1	1374	2378	+
U	5437455	5447319	Un_DS483744v1	1	9865	+
U	6157166	6159982	Un_DS483874v1	1	2817	+
U	2149037	2199661	Un_DS483562v1	1	50625	+
U	8364447	8366060	Un_DS484707v1	1	1614	+
U	8446032	8447556	Un_DS484756v1	1	1525	+
U	9528815	9529924	Un_DS485558v1	1	1110	+
U	9823094	9824140	Un_DS485808v1	1	1047	+
U	8793135	8794435	Un_DS484988v1	1	1301	+
U	7863869	7865954	Un_DS484452v1	1	2086	+
U	6947144	6948280	Un_DS484096v1	1780	2916	+
U	9556589	9557693	Un_DS485581v1	1	1105	+
U	9643727	9644810	Un_DS485654v1	1	1084	+
U	9353261	9354406	Un_DS485415v1	1	1146	+
U	7444700	7447150	Un_DS484275v1	1	2451	+
U	8399976	8401541	Un_DS484728v1	1	1566	+
U	7540253	7542633	Un_DS484313v1	1	2381	+
U	7844162	7846255	Un_DS484443v1	1	2094	+
U	9455772	9456896	Un_DS485498v1	1	1125	+
U	9660271	9660798	Un_DS485668v1	1	528	+
U	9660835	9661350	Un_DS485668v1	565	1080	+
U	9757517	9758430	Un_DS485751v1	147	1060	+
U	9513062	9514175	Un_DS485545v1	1	1114	+
U	9238942	9240108	Un_DS485324v1	1	1167	+
U	9443510	9444636	Un_DS485488v1	1	1127	+
U	7530321	7532704	Un_DS484309v1	1	2384	+
U	9142896	9144087	Un_DS485249v1	1	1192	+
U	7110594	7111713	Un_DS484152v1	1	1120	+
U	7112347	7113386	Un_DS484152v1	1754	2793	+
U	9843717	9844760	Un_DS485826v1	1	1044	+
U	9469231	9470353	Un_DS485509v1	1	1123	+
U	7713416	7715632	Un_DS484385v1	1	2217	+
U	10035917	10036920	Un_DS485997v1	1	1004	+
U	8753693	8755008	Un_DS484960v1	1	1316	+
U	7532805	7535187	Un_DS484310v1	1	2383	+
U	9999365	10000024	Un_DS485964v1	1	660	+
U	7321549	7324123	Un_DS484228v1	1	2575	+
U	8525472	8526929	Un_DS484806v1	1	1458	+
U	9400405	9401540	Un_DS485453v1	1	1136	+
U	9816206	9817253	Un_DS485802v1	1	1048	+
U	10003811	10004821	Un_DS485968v1	1	1011	+
U	9510634	9511747	Un_DS485543v1	1	1114	+
U	8595904	8595961	Un_DS484852v1	1	58	+
U	8595963	8597310	Un_DS484852v1	60	1407	+
U	9115699	9116896	Un_DS485228v1	1	1198	+
U	8008107	8010068	Un_DS484520v1	1	1962	+
U	8564036	8565464	Un_DS484831v1	1	1429	+
U	7259423	7260626	Un_DS484205v1	1	1204	+
U	7260730	7262051	Un_DS484205v1	1308	2629	+
U	6148522	6152743	Un_DS483872v1	1	4222	+
U	6010080	6014632	Un_DS483841v1	1	4553	+
U	8852782	8854056	Un_DS485031v1	1	1275	+
U	7542734	7545114	Un_DS484314v1	1	2381	+
U	6499678	6503204	Un_DS483961v1	1	3527	+
U	9571029	9572129	Un_DS485593v1	1	1101	+
U	9591411	9592506	Un_DS485610v1	1	1096	+
U	9066102	9067312	Un_DS485190v1	1	1211	+
U	8907472	8908731	Un_DS485071v1	1	1260	+
U	9751566	9752627	Un_DS485746v1	1	1062	+
U	7025886	7028733	Un_DS484123v1	1	2848	+
U	6786465	6789593	Un_DS484045v1	1	3129	+
U	7457417	7459854	Un_DS484280v1	1	2438	+
U	7779825	7781981	Un_DS484414v1	1	2157	+
U	5766709	5772171	Un_DS483793v1	1	5463	+
U	7638019	7640313	Un_DS484353v1	1	2295	+
U	8915625	8916882	X_DS485077v1_random	1	1258	+
U	6908979	6911934	X_DS484084v1_random	1	2956	+
U	7811074	7813187	X_DS484428v1_random	1	2114	+
U	8911551	8912808	X_DS485074v1_random	1	1258	+
U	8121499	8123386	X_DS484576v1_random	1	1888	+
U	4072605	4075551	X_DS483648v1_random	1	2947	+
U	4081350	4086544	X_DS483648v1_random	8746	13940	+
U	8168555	8170395	X_DS484600v1_random	1	1841	+
U	6714319	6717524	X_DS484023v1_random	1	3206	+
U	7741085	7743280	X_DS484397v1_random	1	2196	+
U	8414892	8416441	X_DS484737v1_random	1	1550	+
U	8113540	8115430	X_DS484572v1_random	1	1891	+
U	9687338	9688411	X_DS485691v1_random	1	1074	+
U	6960421	6963324	X_DS484101v1_random	1	2904	+
U	8925100	8926350	X_DS485084v1_random	1	1251	+
U	9750404	9751465	X_DS485745v1_random	1	1062	+
U	6999254	7002124	X_DS484114v1_random	1	2871	+
U	8189742	8191554	X_DS484611v1_random	1	1813	+
U	8006044	8008006	X_DS484519v1_random	1	1963	+
U	9578233	9579332	X_DS485599v1_random	1	1100	+
U	8961373	8962610	X_DS485111v1_random	1	1238	+
U	6506929	6510451	X_DS483963v1_random	1	3523	+
U	8275785	8277508	X_DS484657v1_random	1	1724	+
U	8677840	8677852	X_DS485262v1_random	547	559	-
U	8322644	8324322	X_DS484683v1_random	1	1679	+
U	8962711	8963948	X_DS485112v1_random	1	1238	+
U	4357882	4359443	X_DS483669v1_random	1	1562	+
U	4369543	4370729	X_DS483669v1_random	11662	12848	+
U	4170122	4171200	X_DS483655v1_random	1	1079	+
U	4179301	4183670	X_DS483655v1_random	9180	13549	+
U	9993804	9994816	X_DS485959v1_random	1	1013	+
U	7406024	7408528	X_DS484260v1_random	1	2505	+
U	9503347	9504461	X_DS485537v1_random	1	1115	+
U	6824873	6827948	X_DS484057v1_random	1	3076	+
U	6620073	6622556	X_DS483995v1_random	1	2484	+
U	9583030	9584127	X_DS485603v1_random	1	1098	+
U	6913241	6914979	X_DS484085v1_random	1207	2945	+
U	9904033	9905063	X_DS485879v1_random	1	1031	+
U	8355841	8357463	X_DS484702v1_random	1	1623	+
U	8237027	8238795	X_DS484636v1_random	1	1769	+
U	9180239	9181422	X_DS485278v1_random	1	1184	+
U	7562535	7564900	X_DS484322v1_random	1	2366	+
U	8773464	8774772	X_DS484974v1_random	1	1309	+
U	7061131	7063955	X_DS484135v1_random	1	2825	+
U	8556383	8557814	X_DS484826v1_random	1	1432	+
U	4305171	4307337	X_DS483665v1_random	1	2167	+
U	4314231	4318404	X_DS483665v1_random	9061	13234	+
U	6856435	6859435	X_DS484067v1_random	1	3001	+
U	9664989	9666066	X_DS485672v1_random	1	1078	+
U	6654159	6657433	X_DS484005v1_random	1	3275	+
U	6535761	6539238	X_DS483971v1_random	1	3478	+
U	7621177	7623490	X_DS484346v1_random	1	2314	+
U	9207132	9208309	X_DS485299v1_random	1	1178	+
U	9879080	9880116	X_DS485857v1_random	1	1037	+
U	8908832	8910091	X_DS485072v1_random	1	1260	+
U	9111801	9113000	X_DS485225v1_random	1	1200	+
U	9167390	9168575	X_DS485268v1_random	1	1186	+
U	7046477	7049310	X_DS484130v1_random	1	2834	+
U	7652360	7654643	X_DS484359v1_random	1	2284	+
U	5715160	5720991	X_DS483784v1_random	1	5832	+
U	7885670	7887737	X_DS484462v1_random	1	2068	+
U	9569827	9570928	X_DS485592v1_random	1	1102	+
U	9635435	9636520	X_DS485647v1_random	1	1086	+
U	6921160	6922797	X_DS484088v1_random	1	1638	+
U	6922886	6924096	X_DS484088v1_random	1727	2937	+
U	8916983	8918239	X_DS485078v1_random	1	1257	+
U	6286093	6290018	X_DS483905v1_random	1	3926	+
U	9766190	9766539	X_DS483685v1_random	11413	11762	-
U	9766049	9766189	X_DS483685v1_random	11772	11912	-
U	9765772	9766046	X_DS483685v1_random	11913	12187	-
U	4560048	4560896	X_DS483685v1_random	1	849	+
U	4561668	4562824	X_DS483685v1_random	1621	2777	+
U	4570343	4570728	X_DS483685v1_random	10296	10681	+
U	8434617	8436150	X_DS484749v1_random	1	1534	+
U	7645198	7647486	X_DS484356v1_random	1	2289	+
U	9356998	9358142	X_DS485418v1_random	1	1145	+
U	7031780	7034623	X_DS484125v1_random	1	2844	+
U	7049411	7052243	X_DS484131v1_random	1	2833	+
U	7577299	7579653	X_DS484328v1_random	1	2355	+
U	6019352	6023866	X_DS483843v1_random	1	4515	+
U	10014911	10015918	X_DS485978v1_random	1	1008	+
U	8884316	8885580	X_DS485054v1_random	1	1265	+
U	6477806	6481358	X_DS483955v1_random	1	3553	+
U	6253644	6257627	X_DS483897v1_random	1	3984	+
U	7657127	7659408	X_DS484361v1_random	1	2282	+
U	8877479	8878747	X_DS485049v1_random	1	1269	+
U	8779097	8780402	X_DS484978v1_random	1	1306	+
U	7618759	7621076	X_DS484345v1_random	1	2318	+
U	9184091	9185274	X_DS485281v1_random	1	1184	+
U	9575833	9576932	X_DS485597v1_random	1	1100	+
U	9265491	9266651	X_DS485345v1_random	1	1161	+
U	7786571	7788709	X_DS484417v1_random	1	2139	+
U	8829336	8830618	Y_DS485014v1_random	1	1283	+
U	4716898	4718072	X_DS483698v1_random	1	1175	+
U	4727387	4728419	X_DS483698v1_random	10490	11522	+
U	9060857	9062068	X_DS485186v1_random	1	1212	+
U	9918722	9919750	Y_DS485892v1_random	1	1029	+
U	9762008	9763065	Y_DS485755v1_random	1	1058	+
U	9284395	9285553	X_DS485360v1_random	1	1159	+
U	9533654	9534762	X_DS485562v1_random	1	1109	+
U	9521550	9522660	Y_DS485552v1_random	1	1111	+
U	9193065	9194245	Y_DS485288v1_random	1	1181	+
U	9788592	9789644	X_DS485778v1_random	1	1053	+
U	9314541	9315693	X_DS485384v1_random	1	1153	+
U	5852775	5857721	X_DS483809v1_random	111	5057	+
U	8603429	8604830	X_DS484857v1_random	1	1402	+
U	7426718	7427727	X_DS484268v1_random	1	1010	+
U	7253957	7256591	X_DS484203v1_random	1	2635	+
U	5744286	5749840	X_DS483789v1_random	1	5555	+
U	7500372	7502784	X_DS484297v1_random	1	2413	+
U	7028834	7031679	X_DS484124v1_random	1	2846	+
U	8795937	8797237	X_DS484990v1_random	1	1301	+
U	7439575	7442037	X_DS484273v1_random	1	2463	+
U	6216516	6220587	X_DS483888v1_random	1	4072	+
U	9407816	9408949	X_DS485459v1_random	1	1134	+
U	9640175	9641258	X_DS485651v1_random	1	1084	+
U	8677473	8677839	X_DS484907v1_random	1	367	+
U	8677853	8678833	X_DS484907v1_random	381	1361	+
U	9517914	9519025	X_DS485549v1_random	1	1112	+
U	8743742	8745067	X_DS484953v1_random	1	1326	+
U	4238088	4242023	X_DS483660v1_random	1	3936	+
U	4248158	4249142	X_DS483660v1_random	10071	11055	+
U	8197376	8199178	X_DS484615v1_random	1	1803	+
U	7289313	7291915	X_DS484216v1_random	1	2603	+
U	7706452	7708674	X_DS484382v1_random	1	2223	+
U	7209934	7212604	X_DS484187v1_random	1	2671	+
U	9763166	9764223	X_DS485756v1_random	1	1058	+
U	7204377	7207062	X_DS484185v1_random	1	2686	+
U	5777803	5783189	X_DS483795v1_random	1	5387	+
U	8292133	8293842	X_DS484666v1_random	1	1710	+
U	4318505	4323869	X_DS483666v1_random	1	5365	+
U	4328297	4331612	X_DS483666v1_random	9793	13108	+
U	7547694	7550072	X_DS484316v1_random	1	2379	+
U	5821243	5826474	X_DS483803v1_random	1	5232	+
U	6203972	6208056	X_DS483885v1_random	1	4085	+
U	6376745	6380474	X_DS483928v1_random	1	3730	+
U	7572386	7574742	X_DS484326v1_random	1	2357	+
U	5447420	5456787	X_DS483745v1_random	1	9368	+
U	6233111	6237123	X_DS483892v1_random	1	4013	+
U	6837560	6840618	X_DS484061v1_random	1	3059	+
U	7582208	7584560	X_DS484330v1_random	1	2353	+
U	7075743	7078561	X_DS484140v1_random	1	2819	+
U	6805762	6808861	X_DS484051v1_random	1	3100	+
U	6237224	6241235	X_DS483893v1_random	1	4012	+
U	6881295	6884290	X_DS484075v1_random	1	2996	+
U	6452804	6455686	X_DS483948v1_random	720	3602	+
U	9983258	9983377	X_DS483948v1_random	1	120	-
U	9982992	9983257	X_DS483948v1_random	126	391	-
U	9982669	9982990	X_DS483948v1_random	392	713	-
U	9982664	9982668	X_DS483948v1_random	715	719	-
U	6302177	6306089	X_DS483909v1_random	1	3913	+
U	6546493	6549965	X_DS483974v1_random	1	3473	+
U	6444679	6448281	X_DS483946v1_random	1	3603	+
U	6055733	6060127	X_DS483851v1_random	1	4395	+
U	6369063	6372807	X_DS483926v1_random	1	3745	+
U	8095552	8097454	X_DS484563v1_random	1	1903	+
U	6357459	6361233	X_DS483923v1_random	1	3775	+
U	6954406	6957315	X_DS484099v1_random	1	2910	+
U	6834395	6837459	X_DS484060v1_random	1	3065	+
U	7052344	7055173	X_DS484132v1_random	1	2830	+
U	5913471	5918349	X_DS483821v1_random	1	4879	+
U	5898463	5903379	X_DS483818v1_random	1	4917	+
U	8964049	8965285	Y_DS485113v1_random	1	1237	+
U	9166104	9167289	Y_DS485267v1_random	1	1186	+
U	8798737	8800033	Y_DS484992v1_random	1	1297	+
U	9572230	9573330	Y_DS485594v1_random	1	1101	+
U	8523913	8525371	Y_DS484805v1_random	1	1459	+
U	6707697	6710909	Y_DS484021v1_random	1	3213	+
U	7201589	7204276	Y_DS484184v1_random	1	2688	+
U	8827952	8829235	Y_DS485013v1_random	1	1284	+
U	8832102	8833383	Y_DS485016v1_random	1	1282	+
U	7081577	7084391	Y_DS484142v1_random	1	2815	+
U	8028682	8030628	Y_DS484530v1_random	1	1947	+
U	9409050	9410183	Y_DS485460v1_random	1	1134	+
U	10042532	10043532	Y_DS486003v1_random	1	1001	+
U	9303251	9304405	Y_DS485375v1_random	1	1155	+
U	7334918	7337482	Y_DS484233v1_random	1	2565	+
U	7431868	7434340	Y_DS484270v1_random	1	2473	+
U	9888166	9889124	Y_DS485865v1_random	1	959	+
U	8250058	8251808	Y_DS484643v1_random	1	1751	+
U	7633221	7635523	Y_DS484351v1_random	1	2303	+
U	7093221	7096019	Y_DS484146v1_random	1	2799	+
U	6492414	6494494	Y_DS483959v1_random	1	2081	+
U	6494813	6495950	Y_DS483959v1_random	2400	3537	+
U	7403416	7405923	Y_DS484259v1_random	1	2508	+
U	5678870	5679404	Y_DS483778v1_random	1	535	+
U	5680454	5683267	Y_DS483778v1_random	1585	4398	+
U	5683776	5684711	Y_DS483778v1_random	4907	5842	+
U	8319081	8320763	Y_DS484681v1_random	1	1683	+
U	9958065	9959084	Y_DS485927v1_random	1	1020	+
U	8790330	8791632	Y_DS484986v1_random	1	1303	+
U	7145197	7147958	Y_DS484164v1_random	1	2762	+
U	9499699	9500814	Y_DS485534v1_random	1	1116	+
U	7379869	7382389	Y_DS484250v1_random	1	2521	+
U	8906112	8907371	Y_DS485070v1_random	1	1260	+
U	9363219	9364362	Y_DS485423v1_random	1	1144	+
U	9897239	9898271	Y_DS485873v1_random	1	1033	+
U	9739940	9741002	Y_DS485736v1_random	1	1063	+
U	6592340	6595714	Y_DS483987v1_random	1	3375	+
U	9025243	9026466	Y_DS485159v1_random	1	1224	+
U	7421565	7422638	Y_DS484266v1_random	1	1074	+
U	7422894	7424041	Y_DS484266v1_random	1330	2477	+
U	9634249	9635334	Y_DS485646v1_random	1	1086	+
U	8486212	8487696	Y_DS484781v1_random	1	1485	+
U	9532445	9533553	Y_DS485561v1_random	1	1109	+
U	6821696	6824772	Y_DS484056v1_random	1	3077	+
U	9034506	9035727	Y_DS485166v1_random	1	1222	+
U	9368191	9369332	Y_DS485427v1_random	1	1142	+
U	9920980	9922008	Y_DS485894v1_random	1	1029	+
U	8227658	8229432	Y_DS484631v1_random	1	1775	+
U	9859712	9860752	Y_DS485840v1_random	1	1041	+
U	9448417	9449542	Y_DS485492v1_random	1	1126	+
U	9899505	9900536	Y_DS485875v1_random	1	1032	+
U	7949787	7951791	Y_DS484492v1_random	1	2005	+
U	9144188	9145379	Y_DS485250v1_random	1	1192	+
U	9319552	9320703	Y_DS485388v1_random	1	1152	+
U	8544085	8545527	Y_DS484818v1_random	1	1443	+
U	9549357	9550462	Y_DS485575v1_random	1	1106	+
U	8308366	8310055	Y_DS484675v1_random	1	1690	+
U	8290321	8292032	Y_DS484665v1_random	1	1712	+
U	6517774	6521275	Y_DS483966v1_random	1	3502	+
U	9755051	9756110	Y_DS485749v1_random	1	1060	+
U	7237523	7240164	Y_DS484197v1_random	1	2642	+
U	9023919	9025142	Y_DS485158v1_random	1	1224	+
U	8362728	8364346	Y_DS484706v1_random	1	1619	+
U	8117521	8119410	Y_DS484574v1_random	1	1890	+
U	8238896	8240661	Y_DS484637v1_random	1	1766	+
U	9735287	9736350	Y_DS485732v1_random	1	1064	+
U	9486313	9487430	Y_DS485523v1_random	1	1118	+
U	9126074	9127268	Y_DS485236v1_random	1	1195	+
U	8752441	8752567	Y_DS484049v1_random	1723	1849	-
U	8752342	8752439	Y_DS484049v1_random	1850	1947	-
U	9052856	9052877	Y_DS484049v1_random	2326	2347	-
U	9052666	9052854	Y_DS484049v1_random	2348	2536	-
U	9052530	9052665	Y_DS484049v1_random	2538	2673	-
U	9052421	9052528	Y_DS484049v1_random	2674	2781	-
U	9052166	9052420	Y_DS484049v1_random	2788	3042	-
U	9052114	9052165	Y_DS484049v1_random	3045	3096	-
U	9775895	9776950	Y_DS485767v1_random	1	1056	+
U	6760389	6763561	Y_DS484037v1_random	1	3173	+
U	10011583	10012592	Y_DS485975v1_random	1	1010	+
U	9531235	9532344	Y_DS485560v1_random	1	1110	+
U	7377247	7379768	Y_DS484249v1_random	1	2522	+
U	9970377	9971395	Y_DS485938v1_random	1	1019	+
U	9245274	9246439	Y_DS485329v1_random	1	1166	+
U	8014293	8016253	Y_DS484523v1_random	1	1961	+
U	9928875	9929901	Y_DS485901v1_random	1	1027	+
U	8612417	8613809	Y_DS484863v1_random	1	1393	+
U	9262967	9264128	Y_DS485343v1_random	1	1162	+
U	9781672	9782725	Y_DS485772v1_random	1	1054	+
U	9244008	9245173	Y_DS485328v1_random	1	1166	+
U	7596889	7599230	Y_DS484336v1_random	1	2342	+
U	9050344	9051561	Y_DS485178v1_random	1	1218	+
U	9345783	9346929	Y_DS485409v1_random	1	1147	+
U	9772427	9773482	Y_DS485764v1_random	1	1056	+
U	7040605	7042087	Y_DS484128v1_random	1	1483	+
U	9743429	9744491	Y_DS485739v1_random	1	1063	+
U	8680394	8681749	Y_DS484909v1_random	1	1356	+
U	9628317	9629403	Y_DS485641v1_random	1	1087	+
U	8748014	8749335	Y_DS484956v1_random	1	1322	+
U	9233870	9235038	Y_DS485320v1_random	1	1169	+
U	9210965	9212140	Y_DS485302v1_random	1	1176	+
U	9384317	9385455	Y_DS485440v1_random	1	1139	+
U	9680290	9681364	Y_DS485685v1_random	1	1075	+
U	6521376	6523986	Y_DS483967v1_random	1	2611	+
U	8678934	8680293	Y_DS484908v1_random	1	1360	+
U	8732318	8733647	Y_DS484945v1_random	1	1330	+
U	9718964	9720031	Y_DS485718v1_random	1	1068	+
U	8945298	8946538	Y_DS485099v1_random	1	1241	+
U	9858570	9859611	Y_DS485839v1_random	1	1042	+
U	8147127	8148989	Y_DS484589v1_random	1	1863	+
U	8876109	8877378	Y_DS485048v1_random	1	1270	+
U	9288171	9289328	Y_DS485363v1_random	1	1158	+
U	6966428	6969326	Y_DS484103v1_random	1	2899	+
U	9497267	9498382	Y_DS485532v1_random	1	1116	+
U	8728023	8729355	Y_DS484942v1_random	1	1333	+
U	8786119	8787422	Y_DS484983v1_random	1	1304	+
U	8317298	8318980	Y_DS484680v1_random	1	1683	+
U	7839770	7841865	Y_DS484441v1_random	1	2096	+
U	9584228	9585325	Y_DS485604v1_random	1	1098	+
U	9994917	9995928	Y_DS485960v1_random	1	1012	+
U	6843877	6846922	Y_DS484063v1_random	1	3046	+
U	10008253	10009262	Y_DS485972v1_random	1	1010	+
U	6779967	6781815	Y_DS484043v1_random	1	1849	+
U	6781899	6783120	Y_DS484043v1_random	1933	3154	+
U	9609301	9610390	Y_DS485625v1_random	1	1090	+
U	9231331	9232500	Y_DS485318v1_random	1	1170	+
U	9998253	9999264	Y_DS485963v1_random	1	1012	+
U	9786286	9787338	Y_DS485776v1_random	1	1053	+
U	8996056	8997285	Y_DS485137v1_random	1	1230	+
U	9227519	9228689	Y_DS485315v1_random	1	1171	+
U	8345459	8347095	Y_DS484696v1_random	1	1637	+
U	5413923	5414976	Y_DS483742v1_random	1	1054	+
U	5415283	5416165	Y_DS483742v1_random	1361	2243	+
U	5424525	5425685	Y_DS483742v1_random	10603	11763	+
U	5749941	5751148	Y_DS483790v1_random	1	1208	+
U	5751194	5755460	Y_DS483790v1_random	1254	5520	+
U	7165118	7167845	Y_DS484171v1_random	1	2728	+
U	8942613	8943855	Y_DS485097v1_random	1	1243	+
U	7193218	7194914	Y_DS484181v1_random	1	1697	+
U	7194922	7195911	Y_DS484181v1_random	1705	2694	+
U	9914206	9915234	Y_DS485888v1_random	1	1029	+
U	8030729	8032674	Y_DS484531v1_random	1	1946	+
U	9421381	9422512	Y_DS485470v1_random	1	1132	+
U	9425075	9426205	Y_DS485473v1_random	1	1131	+
U	8547169	8548608	Y_DS484820v1_random	1	1440	+
U	9361975	9363118	Y_DS485422v1_random	1	1144	+
U	8447657	8449181	Y_DS484757v1_random	1	1525	+
U	8631765	8633146	Y_DS484876v1_random	1	1382	+
U	9880217	9881253	Y_DS485858v1_random	1	1037	+
U	9472898	9474019	Y_DS485512v1_random	1	1122	+
U	9004029	9005255	Y_DS485143v1_random	1	1227	+
U	7724975	7727178	Y_DS484390v1_random	1	2204	+
U	9354507	9355652	Y_DS485416v1_random	1	1146	+
U	8306576	8308265	Y_DS484674v1_random	1	1690	+
U	7892165	7894227	Y_DS484465v1_random	1	2063	+
U	9379359	9380498	Y_DS485436v1_random	1	1140	+
U	9396697	9397832	Y_DS485450v1_random	1	1136	+
U	8562507	8563935	Y_DS484830v1_random	1	1429	+
U	6595815	6599188	Y_DS483988v1_random	1	3374	+
U	8527030	8528485	Y_DS484807v1_random	1	1456	+
U	9990464	9991477	Y_DS485956v1_random	1	1014	+
U	9186658	9187839	Y_DS485283v1_random	1	1182	+
U	9252865	9254027	Y_DS485335v1_random	1	1163	+
U	9695553	9696624	Y_DS485698v1_random	1	1072	+
U	8246348	8248103	Y_DS484641v1_random	1	1756	+
U	9371916	9373056	Y_DS485430v1_random	1	1141	+
U	9228790	9229960	Y_DS485316v1_random	1	1171	+
U	7694809	7697040	Y_DS484377v1_random	1	2232	+
U	9797810	9798860	Y_DS485786v1_random	1	1051	+
U	8702154	8703494	Y_DS484924v1_random	1	1341	+
U	9910817	9911846	Y_DS485885v1_random	1	1030	+
U	9869975	9871013	Y_DS485849v1_random	1	1039	+
U	9103995	9105196	Y_DS485219v1_random	1	1202	+
U	8630282	8631664	Y_DS484875v1_random	1	1383	+
U	7176406	7179114	Y_DS484175v1_random	1	2709	+
U	8848652	8849928	Y_DS485028v1_random	1	1277	+
U	5237688	5240670	Y_DS483725v1_random	1	2983	+
U	5248221	5250766	Y_DS483725v1_random	10534	13079	+
U	6388208	6391920	Y_DS483931v1_random	1	3713	+
U	6623520	6626860	Y_DS483996v1_random	1	3341	+
U	6161468	6165664	Y_DS483875v1_random	1	4197	+
U	6220688	6224746	Y_DS483889v1_random	1	4059	+
U	6734123	6737317	Y_DS484029v1_random	1	3195	+
U	6939324	6942245	Y_DS484094v1_random	1	2922	+
U	4460128	4462871	Y_DS483677v1_random	1	2744	+
U	4469812	4472640	Y_DS483677v1_random	9685	12513	+
U	5738622	5744185	Y_DS483788v1_random	1	5564	+
U	4621154	4623331	Y_DS483690v1_random	1	2178	+
U	4628822	4629824	Y_DS483690v1_random	7669	8671	+
U	4629849	4633154	Y_DS483690v1_random	8696	12001	+
X	1	83376	X	103614	186989	+
X	83377	83648	X	186991	187262	+
X	84267	99298	X	187263	202294	+
X	99300	99326	X	202295	202321	+
X	99328	99338	X	202322	202332	+
X	99340	99340	X	202333	202333	+
X	99342	99837	X	202334	202829	+
X	99838	100152	X	202842	203156	+
X	100153	100225	X	203158	203230	+
X	100227	101066	X	203231	204070	+
X	101067	101399	X	204072	204404	+
X	101401	101424	X	204405	204428	+
X	101426	101601	X	204429	204604	+
X	101602	101718	X	204606	204722	+
X	101720	101757	X	204723	204760	+
X	101758	101781	X	204762	204785	+
X	101782	102075	X	204787	205080	+
X	102077	102114	X	205081	205118	+
X	102115	102141	X	205120	205146	+
X	102142	102152	X	205148	205158	+
X	102153	102153	X	205160	205160	+
X	102154	102301	X	205162	205309	+
X	102304	102476	X	205310	205482	+
X	102477	102492	X	205484	205499	+
X	102493	102664	X	205501	205672	+
X	102666	102825	X	205673	205832	+
X	102827	103026	X	205833	206032	+
X	103027	103050	X	206034	206057	+
X	103051	103181	X	206059	206189	+
X	103183	103544	X	206190	206551	+
X	103546	103579	X	206552	206585	+
X	103580	103738	X	206588	206746	+
X	103739	103866	X	206748	206875	+
X	103867	103890	X	206904	206927	+
X	103892	104067	X	206928	207103	+
X	104068	104619	X	207105	207656	+
X	104620	104935	X	207659	207974	+
X	104937	105136	X	207975	208174	+
X	105137	105160	X	208176	208199	+
X	105161	105291	X	208201	208331	+
X	105293	105492	X	208332	208531	+
X	105493	105648	X	208533	208688	+
X	105650	105673	X	208689	208712	+
X	105675	105850	X	208713	208888	+
X	105851	106006	X	208890	209045	+
X	106008	106031	X	209046	209069	+
X	106033	106190	X	209070	209227	+
X	106193	106210	X	209228	209245	+
X	106211	106366	X	209247	209402	+
X	106368	106567	X	209403	209602	+
X	106568	106723	X	209604	209759	+
X	106725	106748	X	209760	209783	+
X	106750	106925	X	209784	209959	+
X	106926	107081	X	209961	210116	+
X	107083	107106	X	210117	210140	+
X	107108	107283	X	210141	210316	+
X	107284	107439	X	210318	210473	+
X	107441	107640	X	210474	210673	+
X	107641	107796	X	210675	210830	+
X	107798	108154	X	210831	211187	+
X	108156	108355	X	211188	211387	+
X	108356	108511	X	211389	211544	+
X	108513	108536	X	211545	211568	+
X	108538	108713	X	211569	211744	+
X	108714	109226	X	211746	212258	+
X	109228	109584	X	212259	212615	+
X	109586	109785	X	212616	212815	+
X	109786	109809	X	212817	212840	+
X	109810	110140	X	212842	213172	+
X	110141	110296	X	213174	213329	+
X	110298	110321	X	213330	213353	+
X	110323	110498	X	213354	213529	+
X	110499	110654	X	213531	213686	+
X	110656	110855	X	213687	213886	+
X	110856	111211	X	213888	214243	+
X	111212	111367	X	214245	214400	+
X	111369	111392	X	214401	214424	+
X	111394	111518	X	214425	214549	+
X	129524	129622	X	235565	235663	+
X	129623	130024	X	235665	236066	+
X	130027	130137	X	236067	236177	+
X	130139	130162	X	236178	236201	+
X	130164	130339	X	236202	236377	+
X	130340	130500	X	236379	236539	+
X	130502	130519	X	236540	236557	+
X	130521	130697	X	236558	236734	+
X	130698	131099	X	236736	237137	+
X	131102	131212	X	237138	237248	+
X	131214	131237	X	237249	237272	+
X	131239	131414	X	237273	237448	+
X	131415	131575	X	237450	237610	+
X	131577	131933	X	237611	237967	+
X	131934	131951	X	237969	237986	+
X	131952	132124	X	237988	238160	+
X	132126	132174	X	238161	238209	+
X	132177	132312	X	238210	238345	+
X	132314	132466	X	238346	238498	+
X	132472	132474	X	238499	238501	+
X	132485	132650	X	238502	238667	+
X	132652	132670	X	238668	238686	+
X	132672	133008	X	238687	239023	+
X	133010	133027	X	239024	239041	+
X	133029	133117	X	239042	239130	+
X	133156	133157	X	239131	239132	+
X	133167	133385	X	239133	239351	+
X	133386	4683600	X	239353	4789567	+
X	4684794	20073489	X	4790761	20179456	+
X	20073494	20074284	X	20179457	20180247	+
X	20074285	20074286	X	20180253	20180254	+
X	20074287	20074287	X	20180258	20180258	+
X	20074288	20081318	X	20180266	20187296	+
X	20081331	20082156	X	20187297	20188122	+
X	20082162	20082163	X	20188123	20188124	+
X	20082167	20082167	X	20188125	20188125	+
X	20082175	20084457	X	20188126	20190408	+
X	20084458	20084528	X	20190431	20190501	+
X	20084529	20085559	X	20190514	20191544	+
X	20085560	20085563	X	20191549	20191552	+
X	20085564	20087548	X	20191554	20193538	+
X	20087549	20087599	X	20193540	20193590	+
X	20087600	20089052	X	20193609	20195061	+
X	20089053	20089843	X	20195066	20195856	+
X	20089844	20089845	X	20195862	20195863	+
X	20089846	20089846	X	20195867	20195867	+
X	20089847	20090317	X	20195875	20196345	+
X	20090351	20091575	X	20196346	20197570	+
X	20091693	20092265	X	20220653	20221225	+
X	20092288	20092358	X	20221226	20221296	+
X	20092371	20125281	X	20221297	20254207	+
X	20125282	20150371	X	20254256	20279345	+
X	20150373	21629787	X	20279346	21758760	+
X	21629789	21629880	X	21758761	21758852	+
X	21629881	21671311	X	21758854	21800284	+
X	21671312	21672457	X	21800289	21801434	+
X	21672461	21672462	X	21801435	21801436	+
X	21672476	21672664	X	21801437	21801625	+
X	21672665	21672672	X	21801648	21801655	+
X	21672674	21672687	X	21801656	21801669	+
X	21672696	21673710	X	21801670	21802684	+
X	21673711	21677632	X	21802734	21806655	+
X	21677635	21684449	X	21876995	21883809	+
X	21684551	21684970	X	22260656	22261075	+
X	21684984	21687343	X	22261089	22263448	+
X	21759345	21760371	X	22357510	22358536	+
X	21760372	21760633	X	22358538	22358799	+
X	21760634	21802182	X	22358801	22400349	+
X	21802185	21830947	X	22400350	22429112	+
X	21830949	21831006	X	22429113	22429170	+
X	21831008	21831331	X	22429171	22429494	+
X	21831332	21831343	X	22429496	22429507	+
X	21831344	21841868	X	22429509	22440033	+
X	21841870	22422827	X	22440034	23020991	+
X	21684971	21684983	Y	1765635	1765647	+
XHet	1	35	X	23021186	23021220	+
XHet	37	88	X	23021221	23021272	+
XHet	90	121	X	23021273	23021304	+
XHet	123	204112	X	23021305	23225294	+
YHet	34291	37175	Y	489144	492028	+
YHet	37177	37204	Y	492029	492056	+
YHet	37316	40002	Y	497286	499972	+
YHet	40104	40173	Y	536418	536487	+
YHet	40175	42400	Y	536488	538713	+
YHet	52069	52076	Y	538805	538812	+
YHet	52077	52595	Y	538814	539332	+
YHet	52596	62334	Y	539334	549072	+
YHet	62539	63570	Y	557969	559000	+
YHet	63646	63658	Y	559001	559013	+
YHet	63659	63674	Y	559015	559030	+
YHet	63675	63692	Y	559032	559049	+
YHet	63693	65545	Y	559051	560903	+
YHet	65547	66383	Y	560904	561740	+
YHet	66385	66386	Y	561741	561742	+
YHet	66388	66487	Y	561743	561842	+
YHet	66589	113979	Y	582375	629765	+
YHet	114081	115219	Y	629867	631005	+
YHet	117221	117368	Y	633007	633154	+
YHet	117371	125617	Y	633157	641403	+
YHet	132619	133269	Y	648405	649055	+
YHet	133272	134604	Y	649058	650390	+
YHet	134900	137044	Y	650686	652830	+
YHet	137146	138765	Y	652932	654551	+
YHet	138766	138792	Y	654553	654579	+
YHet	138793	139986	Y	654581	655774	+
YHet	139988	140004	Y	655775	655791	+
YHet	140006	140027	Y	655792	655813	+
YHet	140028	140044	Y	655815	655831	+
YHet	140045	140066	Y	655833	655854	+
YHet	140067	140085	Y	655856	655874	+
YHet	140187	155974	Y	656111	671898	+
YHet	156119	156190	Y	1635952	1636023	+
YHet	156192	157285	Y	1636024	1637117	+
YHet	157387	157503	Y	1638305	1638421	+
YHet	157505	160281	Y	1638422	1641198	+
YHet	160283	160784	Y	1641199	1641700	+
YHet	160886	161351	Y	1652182	1652647	+
YHet	161352	161832	Y	1652652	1653132	+
YHet	161834	162295	Y	1653133	1653594	+
YHet	162296	164051	Y	1653596	1655351	+
YHet	164153	165333	Y	1657760	1658940	+
YHet	165334	165824	Y	1658943	1659433	+
YHet	165825	165840	Y	1659435	1659450	+
YHet	174854	178093	Y	1752183	1755422	+
YHet	187985	188834	Y	1800162	1801011	+
YHet	188835	188895	Y	1801013	1801073	+
YHet	188896	188902	Y	1801075	1801081	+
YHet	188903	188918	Y	1801083	1801098	+
YHet	188940	189247	Y	1801236	1801543	+
YHet	189249	190357	Y	1801544	1802652	+
YHet	190359	191889	Y	1802653	1804183	+
YHet	191891	193153	Y	1804184	1805446	+
YHet	194364	195714	Y	1870281	1871631	+
YHet	195715	195736	Y	1871633	1871654	+
YHet	202895	203006	Y	1881496	1881607	+
YHet	203007	203027	Y	1881609	1881629	+
YHet	203028	203031	Y	1881634	1881637	+
YHet	203032	203408	Y	1881639	1882015	+
YHet	203423	203463	Y	1882016	1882056	+
YHet	203465	203496	Y	1882057	1882088	+
YHet	203497	203507	Y	1882092	1882102	+
YHet	203508	203515	Y	1882104	1882111	+
YHet	203516	203695	Y	1882114	1882293	+
YHet	203696	204645	Y	1882297	1883246	+
YHet	204647	207201	Y	1883247	1885801	+
YHet	213371	215270	Y	1890964	1892863	+
YHet	215271	216049	Y	1902823	1903601	+
YHet	224928	224986	Y	1910432	1910490	+
YHet	224988	226094	Y	1910491	1911597	+
YHet	294990	307006	Y	3012010	3024026	+
YHet	307108	308126	Y	3024128	3025146	+
YHet	311939	314443	Y	3026244	3028748	+
YHet	314445	314449	Y	3028749	3028753	+
YHet	314450	317856	Y	3028755	3032161	+
YHet	317857	321880	Y	3032170	3036193	+
YHet	321881	325138	Y	3036195	3039452	+
YHet	325147	325990	Y	3039453	3040296	+
YHet	325995	325997	Y	3040297	3040299	+
YHet	326000	326000	Y	3040300	3040300	+
YHet	326002	326587	Y	3040301	3040886	+
YHet	326589	330156	Y	3040887	3044454	+
YHet	336158	346010	Y	3046630	3056482	+
YHet	178094	178758	Y	1662814	1663478	+
YHet	178760	178793	Y	1663479	1663512	+
YHet	180390	182453	Y	1665511	1667574	+
YHet	227159	229336	Y	3562739	3564916	+
YHet	229337	229369	Y	3564918	3564950	+
YHet	229370	229376	Y	3564952	3564958	+
YHet	229725	229774	Y	3565581	3565630	+
YHet	229775	231109	Y	3565776	3567110	+
YHet	231211	232673	Y	3567291	3568753	+
YHet	232752	233923	Y	3568846	3570017	+
YHet	233945	234006	Y	3570021	3570082	+
YHet	234007	234966	Y	3570084	3571043	+
YHet	242598	242786	Y	3579329	3579517	+
YHet	242788	243582	Y	3579518	3580312	+
YHet	243584	243726	Y	3580313	3580455	+
YHet	243828	243846	Y	3581088	3581106	+
YHet	243847	245203	Y	3590026	3591382	+
YHet	253853	253862	Y	3600475	3600484	+
YHet	253864	256073	Y	3600485	3602694	+
YHet	256075	256078	Y	3602695	3602698	+
YHet	263284	263379	Y	3610175	3610270	+
YHet	263381	265558	Y	3610271	3612448	+
YHet	265560	272411	Y	3612449	3619300	+
YHet	275850	278376	Y	3623339	3625865	+
YHet	33212	33410	Y	22349	22547	-
YHet	30243	31623	Y	27875	29255	-
YHet	27750	30135	Y	88785	91170	-
YHet	23692	27748	Y	91171	95227	-
YHet	23519	23690	Y	95228	95399	-
YHet	23384	23392	Y	95417	95425	-
YHet	22786	23382	Y	95426	96022	-
YHet	16385	20492	Y	98578	102685	-
YHet	14843	15967	Y	103098	104222	-
YHet	14758	14841	Y	104223	104306	-
YHet	14708	14756	Y	104307	104355	-
YHet	13269	14568	Y	105896	107195	-
YHet	5996	6001	Y	122954	122959	-
YHet	5991	5995	Y	122961	122965	-
YHet	5654	5990	Y	122967	123303	-
YHet	4848	5538	Y	123418	124108	-
YHet	1812	4746	Y	124583	127517	-
YHet	1	1730	Y	127588	129317	-
YHet	292578	294888	Y	3536557	3538867	-
YHet	291287	292576	Y	3538868	3540157	-
YHet	281891	284600	Y	3547196	3549905	-
YHet	281493	281532	Y	3550220	3550259	-
YHet	280485	281491	Y	3550260	3551266	-
YHet	165951	167323	Y	1782187	1783559	+
YHet	224858	224927	Y	1895089	1895158	+
YHet	226095	227036	Y	1896325	1897266	+
YHet	227037	227056	Y	1897268	1897287	+
YHet	346011	346581	Y	2220892	2221462	+
YHet	279229	280383	Y	3540200	3541354	-
YHet	278482	279227	Y	3541355	3542100	-
YHet	179074	180247	Y	1747234	1748407	+
YHet	44508	45009	Y	530914	531415	+
YHet	202232	202325	Y	974009	974102	+
YHet	202326	202326	Y	974112	974112	+
YHet	202327	202328	Y	974122	974123	+
YHet	202329	202329	Y	974125	974125	+
YHet	202330	202331	Y	974133	974134	+
YHet	202332	202333	Y	974137	974138	+
YHet	202334	202635	Y	974145	974446	+
YHet	202636	202715	Y	974448	974527	+
YHet	5539	5653	Y	117163	117277	-
YHet	156076	156118	Y	831096	831138	-
YHet	43696	44507	Un_CP007071v1	3247	4058	-
YHet	42409	43671	Un_CP007071v1	4234	5496	-
YHet	42401	42408	Un_CP007071v1	5498	5505	-
YHet	134706	134899	Un_CP007105v1	1775	1968	-
dmel_mitochondrion_genome	1	19517	mitochondrion_genome	1	19524	+
dmel_mitochondrion_genome	1	65	mitochondrion_genome	1	65	+
dmel_mitochondrion_genome	97	165	mitochondrion_genome	97	165	-
dmel_mitochondrion_genome	171	239	mitochondrion_genome	171	239	+
dmel_mitochondrion_genome	240	1268	mitochondrion_genome	240	1265	+
dmel_mitochondrion_genome	1264	1329	mitochondrion_genome	1264	1329	+
dmel_mitochondrion_genome	1322	1383	mitochondrion_genome	1322	1383	-
dmel_mitochondrion_genome	1403	1468	mitochondrion_genome	1403	1468	-
dmel_mitochondrion_genome	1474	3012	mitochondrion_genome	1474	3009	+
dmel_mitochondrion_genome	3012	3077	mitochondrion_genome	3012	3077	+
dmel_mitochondrion_genome	3083	3770	mitochondrion_genome	3083	3769	+
dmel_mitochondrion_genome	3768	3838	mitochondrion_genome	3768	3838	+
dmel_mitochondrion_genome	3840	3906	mitochondrion_genome	3840	3906	+
dmel_mitochondrion_genome	3907	4071	mitochondrion_genome	3907	4068	+
dmel_mitochondrion_genome	4062	4739	mitochondrion_genome	4062	4736	+
dmel_mitochondrion_genome	4736	5527	mitochondrion_genome	4736	5524	+
dmel_mitochondrion_genome	5543	5607	mitochondrion_genome	5543	5607	+
dmel_mitochondrion_genome	5608	5964	mitochondrion_genome	5608	5961	+
dmel_mitochondrion_genome	5981	6045	mitochondrion_genome	5983	6047	+
dmel_mitochondrion_genome	6055	6118	mitochondrion_genome	6062	6124	+
dmel_mitochondrion_genome	6119	6183	mitochondrion_genome	6125	6190	+
dmel_mitochondrion_genome	6184	6251	mitochondrion_genome	6191	6258	+
dmel_mitochondrion_genome	6252	6318	mitochondrion_genome	6259	6325	+
dmel_mitochondrion_genome	6337	6401	mitochondrion_genome	6344	6408	-
dmel_mitochondrion_genome	6402	8124	mitochondrion_genome	6407	8125	-
dmel_mitochondrion_genome	8140	8205	mitochondrion_genome	8141	8206	-
dmel_mitochondrion_genome	8206	9544	mitochondrion_genome	8205	9545	-
dmel_mitochondrion_genome	9544	9834	mitochondrion_genome	9545	9835	-
dmel_mitochondrion_genome	9837	9902	mitochondrion_genome	9838	9902	+
dmel_mitochondrion_genome	9903	9963	mitochondrion_genome	9903	9968	-
dmel_mitochondrion_genome	9970	10497	mitochondrion_genome	9971	10495	+
dmel_mitochondrion_genome	10498	11637	mitochondrion_genome	10499	11635	+
dmel_mitochondrion_genome	11637	11702	mitochondrion_genome	11638	11703	+
dmel_mitochondrion_genome	11720	12658	mitochondrion_genome	11721	12659	-
dmel_mitochondrion_genome	12669	12733	mitochondrion_genome	12670	12734	-
dmel_mitochondrion_genome	12734	14058	mitochondrion_genome	12735	14058	-
dmel_mitochondrion_genome	14058	14130	mitochondrion_genome	14059	14130	-
dmel_mitochondrion_genome	14131	14916	mitochondrion_genome	14131	14916	-
Uextra	1	897	3R	2466647	2467543	+
Uextra	1	907	3R	2466647	2467553	+
Uextra	1086	2725	3R	2467732	2469371	+
Uextra	1096	2660	3R	2467742	2469306	+
Uextra	2852	2892	3R	2469498	2469538	+
Uextra	3579	17976	3R	2470225	2484622	+
Uextra	3765	4352	3R	2470411	2470998	+
Uextra	3775	3835	3R	2470421	2470481	+
Uextra	3867	4206	3R	2470513	2470852	+
Uextra	4776	5957	3R	2471422	2472603	+
Uextra	4786	4962	3R	2471432	2471608	+
Uextra	5434	5947	3R	2472080	2472593	+
Uextra	6112	6555	3R	2472758	2473201	+
Uextra	6122	6297	3R	2472768	2472943	+
Uextra	6606	6791	3R	2473252	2473437	+
Uextra	6635	6782	3R	2473281	2473428	+
Uextra	6838	7279	3R	2473484	2473925	+
Uextra	6848	7269	3R	2473494	2473915	+
Uextra	7977	8173	3R	2474623	2474819	+
Uextra	8206	8502	3R	2474852	2475148	+
Uextra	8566	9024	3R	2475212	2475670	+
Uextra	9123	10327	3R	2475769	2476973	+
Uextra	9194	9855	3R	2475840	2476501	+
Uextra	9872	10317	3R	2476518	2476963	+
Uextra	10334	11381	3R	2476980	2478027	+
Uextra	10344	10813	3R	2476990	2477459	+
Uextra	12131	12998	3R	2478777	2479644	+
Uextra	12141	12299	3R	2478787	2478945	+
Uextra	12888	12912	3R	2479534	2479558	+
Uextra	13024	13450	3R	2479670	2480096	+
Uextra	13034	13440	3R	2479680	2480086	+
Uextra	13621	13654	3R	2480267	2480300	+
Uextra	15484	15509	3R	2482130	2482155	+
Uextra	16714	16874	3R	2483360	2483520	+
Uextra	16725	16864	3R	2483371	2483510	+
Uextra	16889	17076	3R	2483535	2483722	+
Uextra	16899	16975	3R	2483545	2483621	+
Uextra	17139	17544	3R	2483785	2484190	+
Uextra	17149	17534	3R	2483795	2484180	+
Uextra	18106	19964	3R	2484752	2486610	+
Uextra	19830	19933	3R	2486476	2486579	+
Uextra	20036	20805	3R	2486682	2487451	+
Uextra	20201	20331	3R	2486847	2486977	+
Uextra	20628	20789	3R	2487274	2487435	+
Uextra	284720	285071	3R	2534540	2534891	+
Uextra	284720	285071	3R	2534540	2534891	+
Uextra	284720	285081	3R	2534540	2534901	+
Uextra	285279	285749	3R	2535099	2535569	+
Uextra	285580	285628	3R	2535400	2535448	+
Uextra	286007	286326	3R	2535827	2536146	+
Uextra	286016	286311	3R	2535836	2536131	+
Uextra	4545517	4546114	Y	848550	849149	+
